listing-logo href,img-thumbnail src,add-title,listing-info,contactUser href,listing_class,listing_class href,listing_class 2,listing_class href 2,listing_class 3,listing_class href 3,control-label 4,g-recaptcha src
https://www.jamals.com/z-dentamen-instruments-company/339349?preview=1,https://www.jamals.com/images/logo-upload/2229l.jpg,Z-DENTAMEN INSTRUMENTS COMPANY,"11-3/B,Model Town,Ugoki, Sialkot",https://www.jamals.com/search?type=classifications&query=surgical+instruments+mfrs+and+exporters#contactUser339349,Beautycare Instruments,https://www.jamals.com/search?type=classifications&query=Beautycare+Instruments,Body Piercing Instruments and Tools,https://www.jamals.com/search?type=classifications&query=Body+Piercing+Instruments+and+Tools,Dental Equipment & Instruments,https://www.jamals.com/search?type=classifications&query=Dental+Equipment+%26+Instruments,Phone Number 339349,https://www.google.com/recaptcha/api2/anchor?ar=1&k=6LfzrtEUAAAAADrVTV6SLRoKjfEQ2JtT2gUz1BsS&co=aHR0cHM6Ly93d3cuamFtYWxzLmNvbTo0NDM.&hl=en&v=TPiWapjoyMdQOtxLT9_b4n2W&size=normal&cb=x41tbwdghqyz
,,,,,,,,,,,,
https://www.jamals.com/talc-industries/361340?preview=1,https://www.jamals.com/images/logo-upload/48462l.jpg,TALC INDUSTRIES,"Bonkan Road,Pacca Garrah,Street #10A, Sialkot",https://www.jamals.com/search?type=classifications&query=surgical+instruments+mfrs+and+exporters#contactUser361340,Surgical Instruments Mfrs and Exporters,https://www.jamals.com/search?type=classifications&query=Surgical+Instruments+Mfrs+and+Exporters,Dental Equipment & Instruments,https://www.jamals.com/search?type=classifications&query=Dental+Equipment+%26+Instruments,Veterinary Instruments,https://www.jamals.com/search?type=classifications&query=Veterinary+Instruments,Phone Number 361340,https://www.google.com/recaptcha/api2/anchor?ar=1&k=6LfzrtEUAAAAADrVTV6SLRoKjfEQ2JtT2gUz1BsS&co=aHR0cHM6Ly93d3cuamFtYWxzLmNvbTo0NDM.&hl=en&v=TPiWapjoyMdQOtxLT9_b4n2W&size=normal&cb=di4hqjped2ec
,,,,,,,,,,,,
https://www.jamals.com/mehria-group-of-industries/329098?preview=1,https://www.jamals.com/images/logo-upload/104263l.jpg,MEHRIA GROUP OF INDUSTRIES,"Kashmir Road,Pacca Gharh,Islam Nagar, Sialkot",https://www.jamals.com/search?type=classifications&query=surgical+instruments+mfrs+and+exporters#contactUser329098,Surgical Instruments Mfrs and Exporters,https://www.jamals.com/search?type=classifications&query=Surgical+Instruments+Mfrs+and+Exporters,Dental Equipment & Instruments,https://www.jamals.com/search?type=classifications&query=Dental+Equipment+%26+Instruments,Beautycare Instruments,https://www.jamals.com/search?type=classifications&query=Beautycare+Instruments,Phone Number 329098,https://www.google.com/recaptcha/api2/anchor?ar=1&k=6LfzrtEUAAAAADrVTV6SLRoKjfEQ2JtT2gUz1BsS&co=aHR0cHM6Ly93d3cuamFtYWxzLmNvbTo0NDM.&hl=en&v=TPiWapjoyMdQOtxLT9_b4n2W&size=normal&cb=vncre3sc7rzb
,,,,,,,,,,,,
https://www.jamals.com/value-instruments-pvt-ltd./328039?preview=1,https://www.jamals.com/images/logo-upload/102772l.jpg,VALUE INSTRUMENTS (PVT) LTD.,"Marala Road,Opposite Mobilink Tower,Gohadpor, Sialkot",https://www.jamals.com/search?type=classifications&query=surgical+instruments+mfrs+and+exporters#contactUser328039,Surgical Instruments Mfrs and Exporters,https://www.jamals.com/search?type=classifications&query=Surgical+Instruments+Mfrs+and+Exporters,Beautycare Instruments,https://www.jamals.com/search?type=classifications&query=Beautycare+Instruments,,,Phone Number 328039,https://www.google.com/recaptcha/api2/anchor?ar=1&k=6LfzrtEUAAAAADrVTV6SLRoKjfEQ2JtT2gUz1BsS&co=aHR0cHM6Ly93d3cuamFtYWxzLmNvbTo0NDM.&hl=en&v=TPiWapjoyMdQOtxLT9_b4n2W&size=normal&cb=t7nb1hxytnf5
,,,,,,,,,,,,
https://www.jamals.com/surgi-valley-pvt-ltd./377722?preview=1,https://www.jamals.com/images/logo-upload/111843l.jpg,SURGI VALLEY (PVT) LTD.,"12-B,Small Industrial Estate,Shahab Pura, Sialkot",https://www.jamals.com/search?type=classifications&query=surgical+instruments+mfrs+and+exporters#contactUser377722,Dental Equipment & Instruments,https://www.jamals.com/search?type=classifications&query=Dental+Equipment+%26+Instruments,Surgical Instruments Mfrs and Exporters,https://www.jamals.com/search?type=classifications&query=Surgical+Instruments+Mfrs+and+Exporters,Beautycare Instruments,https://www.jamals.com/search?type=classifications&query=Beautycare+Instruments,Phone Number 377722,https://www.google.com/recaptcha/api2/anchor?ar=1&k=6LfzrtEUAAAAADrVTV6SLRoKjfEQ2JtT2gUz1BsS&co=aHR0cHM6Ly93d3cuamFtYWxzLmNvbTo0NDM.&hl=en&v=TPiWapjoyMdQOtxLT9_b4n2W&size=normal&cb=it2gou4b6pug
,,,,,,,,,,,,
https://www.jamals.com/electro-range-manufacturing-company/332611?preview=1,https://www.jamals.com/images/logo-upload/112306l.jpg,ELECTRO RANGE MANUFACTURING COMPANY,"250 M,Daska Road,Ghuinke, Sialkot",https://www.jamals.com/search?type=classifications&query=surgical+instruments+mfrs+and+exporters#contactUser332611,Surgical Instruments Mfrs and Exporters,https://www.jamals.com/search?type=classifications&query=Surgical+Instruments+Mfrs+and+Exporters,Electromedical Equipment,https://www.jamals.com/search?type=classifications&query=Electromedical+Equipment,Medical Devices,https://www.jamals.com/search?type=classifications&query=Medical+Devices,Phone Number 332611,https://www.google.com/recaptcha/api2/anchor?ar=1&k=6LfzrtEUAAAAADrVTV6SLRoKjfEQ2JtT2gUz1BsS&co=aHR0cHM6Ly93d3cuamFtYWxzLmNvbTo0NDM.&hl=en&v=TPiWapjoyMdQOtxLT9_b4n2W&size=normal&cb=x11s2gebv402
,,,,,,,,,,,,
,,,,,,,,,,,,
https://www.jamals.com/scientific-instruments-company/362242?preview=1,https://www.jamals.com/images/logo-upload/50292l.jpg,SCIENTIFIC INSTRUMENTS COMPANY,"53-C Block,Nishter Road,Small Industries Estate, Sialkot",https://www.jamals.com/search?type=classifications&query=surgical%20instruments%20mfrs%20and%20exporters&page=2#contactUser362242,Veterinary Instruments,https://www.jamals.com/search?type=classifications&query=Veterinary+Instruments,Beautycare Instruments,https://www.jamals.com/search?type=classifications&query=Beautycare+Instruments,Dental Equipment & Instruments,https://www.jamals.com/search?type=classifications&query=Dental+Equipment+%26+Instruments,Phone Number 362242,https://www.google.com/recaptcha/api2/anchor?ar=1&k=6LfzrtEUAAAAADrVTV6SLRoKjfEQ2JtT2gUz1BsS&co=aHR0cHM6Ly93d3cuamFtYWxzLmNvbTo0NDM.&hl=en&v=TPiWapjoyMdQOtxLT9_b4n2W&size=normal&cb=cws7alj7ve03
,,,,,,,,,,,,
https://www.jamals.com/f.s.t-international/320811?preview=1,https://www.jamals.com/images/logo-upload/91928l.jpg,F.S.T INTERNATIONAL,"Awan Street #6,Ugoki Road,Shahab Pura,P.O. Box #2953, Sialkot",https://www.jamals.com/search?type=classifications&query=surgical%20instruments%20mfrs%20and%20exporters&page=2#contactUser320811,Surgical Instruments Mfrs and Exporters,https://www.jamals.com/search?type=classifications&query=Surgical+Instruments+Mfrs+and+Exporters,Veterinary Instruments,https://www.jamals.com/search?type=classifications&query=Veterinary+Instruments,Dental Equipment & Instruments,https://www.jamals.com/search?type=classifications&query=Dental+Equipment+%26+Instruments,Phone Number 320811,https://www.google.com/recaptcha/api2/anchor?ar=1&k=6LfzrtEUAAAAADrVTV6SLRoKjfEQ2JtT2gUz1BsS&co=aHR0cHM6Ly93d3cuamFtYWxzLmNvbTo0NDM.&hl=en&v=TPiWapjoyMdQOtxLT9_b4n2W&size=normal&cb=xidy2lpn6nqj
,,,,,,,,,,,,
https://www.jamals.com/azeem-metal-store/367268?preview=1,https://www.jamals.com/images/logo-upload/68671l.jpg,AZEEM METAL STORE,"Near Masjid Taj-Dar-Madina,Shahab Pura Road, Sialkot",https://www.jamals.com/search?type=classifications&query=surgical%20instruments%20mfrs%20and%20exporters&page=2#contactUser367268,CNC Machines,https://www.jamals.com/search?type=classifications&query=CNC+Machines,Brass & Copper Products,https://www.jamals.com/search?type=classifications&query=Brass+%26+Copper+Products,Dental Equipment & Instruments,https://www.jamals.com/search?type=classifications&query=Dental+Equipment+%26+Instruments,Phone Number 367268,https://www.google.com/recaptcha/api2/anchor?ar=1&k=6LfzrtEUAAAAADrVTV6SLRoKjfEQ2JtT2gUz1BsS&co=aHR0cHM6Ly93d3cuamFtYWxzLmNvbTo0NDM.&hl=en&v=TPiWapjoyMdQOtxLT9_b4n2W&size=normal&cb=3krdcyfa3edy
,,,,,,,,,,,,
https://www.jamals.com/j.r.-brothers-surgical-instruments/348218?preview=1,https://www.jamals.com/images/logo-upload/20123l.jpg,J.R. BROTHERS SURGICAL INSTRUMENTS,"P.O. Box # 1195,Near Peer Hara,Harrar, Sialkot",https://www.jamals.com/search?type=classifications&query=surgical%20instruments%20mfrs%20and%20exporters&page=2#contactUser348218,Surgical Scissors Mfrs and Exporters,https://www.jamals.com/search?type=classifications&query=Surgical+Scissors+Mfrs+and+Exporters,Dental Equipment & Instruments,https://www.jamals.com/search?type=classifications&query=Dental+Equipment+%26+Instruments,Beautycare Instruments,https://www.jamals.com/search?type=classifications&query=Beautycare+Instruments,Phone Number 348218,https://www.google.com/recaptcha/api2/anchor?ar=1&k=6LfzrtEUAAAAADrVTV6SLRoKjfEQ2JtT2gUz1BsS&co=aHR0cHM6Ly93d3cuamFtYWxzLmNvbTo0NDM.&hl=en&v=TPiWapjoyMdQOtxLT9_b4n2W&size=normal&cb=cd1evvsqu96k
,,,,,,,,,,,,
https://www.jamals.com/biopsy-fine-cut-instruments/323109?preview=1,,BIOPSY FINE CUT INSTRUMENTS,"P.O. Box 230,Opposite Pasrur Sugar Mill,Sialkot Road, Pasrur",https://www.jamals.com/search?type=classifications&query=surgical%20instruments%20mfrs%20and%20exporters&page=2#contactUser323109,Surgical Instruments Mfrs and Exporters,https://www.jamals.com/search?type=classifications&query=Surgical+Instruments+Mfrs+and+Exporters,,,,,Phone Number 323109,https://www.google.com/recaptcha/api2/anchor?ar=1&k=6LfzrtEUAAAAADrVTV6SLRoKjfEQ2JtT2gUz1BsS&co=aHR0cHM6Ly93d3cuamFtYWxzLmNvbTo0NDM.&hl=en&v=TPiWapjoyMdQOtxLT9_b4n2W&size=normal&cb=mboxgaeja8bu
,,,,,,,,,,,,
https://www.jamals.com/humera-sankyo-corporation/358732?preview=1,,HUMERA SANKYO CORPORATION,"Shadman Colony,Hunter Pura,Opp.Masjid Tajdaray Madina,P.O.Box: 1751, Sialkot",https://www.jamals.com/search?type=classifications&query=surgical%20instruments%20mfrs%20and%20exporters&page=2#contactUser358732,Surgical Instruments Mfrs and Exporters,https://www.jamals.com/search?type=classifications&query=Surgical+Instruments+Mfrs+and+Exporters,Dental Equipment & Instruments,https://www.jamals.com/search?type=classifications&query=Dental+Equipment+%26+Instruments,,,Phone Number 358732,https://www.google.com/recaptcha/api2/anchor?ar=1&k=6LfzrtEUAAAAADrVTV6SLRoKjfEQ2JtT2gUz1BsS&co=aHR0cHM6Ly93d3cuamFtYWxzLmNvbTo0NDM.&hl=en&v=TPiWapjoyMdQOtxLT9_b4n2W&size=normal&cb=sflwwcvjebqn
,,,,,,,,,,,,
https://www.jamals.com/mughal-international/349592?preview=1,https://www.jamals.com/images/logo-upload/logo-here.jpg,MUGHAL INTERNATIONAL,"Airport Road,Kotli Behram,New Muslim Town, Sialkot",https://www.jamals.com/search?type=classifications&query=surgical%20instruments%20mfrs%20and%20exporters&page=3#contactUser349592,Knives All Sorts Mfrs,https://www.jamals.com/search?type=classifications&query=Knives+All+Sorts+Mfrs,Scissors All Sorts,https://www.jamals.com/search?type=classifications&query=Scissors+All+Sorts,Dental Equipment & Instruments,https://www.jamals.com/search?type=classifications&query=Dental+Equipment+%26+Instruments,Phone Number 349592,https://www.google.com/recaptcha/api2/anchor?ar=1&k=6LfzrtEUAAAAADrVTV6SLRoKjfEQ2JtT2gUz1BsS&co=aHR0cHM6Ly93d3cuamFtYWxzLmNvbTo0NDM.&hl=en&v=TPiWapjoyMdQOtxLT9_b4n2W&size=normal&cb=milrej433960
,,,,,,,,,,,,
https://www.jamals.com/al-khair-sons-sports/325833?preview=1,https://www.jamals.com/images/logo-upload/logo-here.jpg,AL-KHAIR SONS SPORTS,"Chak.Coca,P.O. Johar,Tehsil Pasroor, Sialkot",https://www.jamals.com/search?type=classifications&query=surgical%20instruments%20mfrs%20and%20exporters&page=3#contactUser325833,Surgical Instruments Mfrs and Exporters,https://www.jamals.com/search?type=classifications&query=Surgical+Instruments+Mfrs+and+Exporters,,,,,Phone Number 325833,https://www.google.com/recaptcha/api2/anchor?ar=1&k=6LfzrtEUAAAAADrVTV6SLRoKjfEQ2JtT2gUz1BsS&co=aHR0cHM6Ly93d3cuamFtYWxzLmNvbTo0NDM.&hl=en&v=TPiWapjoyMdQOtxLT9_b4n2W&size=normal&cb=1g7ergcjzryh
,,,,,,,,,,,,
https://www.jamals.com/b.-ali-impex/367796?preview=1,https://www.jamals.com/images/logo-upload/70212l.jpg,B. ALI IMPEX,"Khadim Ali Road,Kotli Behram, Sialkot",https://www.jamals.com/search?type=classifications&query=surgical%20instruments%20mfrs%20and%20exporters&page=3#contactUser367796,ISO 9000 and 14000 Consultants,https://www.jamals.com/search?type=classifications&query=ISO+9000+and+14000+Consultants,Surgical Instruments Mfrs and Exporters,https://www.jamals.com/search?type=classifications&query=Surgical+Instruments+Mfrs+and+Exporters,Beautycare Instruments,https://www.jamals.com/search?type=classifications&query=Beautycare+Instruments,Phone Number 367796,https://www.google.com/recaptcha/api2/anchor?ar=1&k=6LfzrtEUAAAAADrVTV6SLRoKjfEQ2JtT2gUz1BsS&co=aHR0cHM6Ly93d3cuamFtYWxzLmNvbTo0NDM.&hl=en&v=TPiWapjoyMdQOtxLT9_b4n2W&size=normal&cb=6lwjg5hssa7b
,,,,,,,,,,,,
https://www.jamals.com/grayrocks-enterprises/344804?preview=1,https://www.jamals.com/images/logo-upload/logo-here.jpg,GRAYROCKS ENTERPRISES,"Shah Saydan,P.O.Box:966, Sialkot",https://www.jamals.com/search?type=classifications&query=surgical%20instruments%20mfrs%20and%20exporters&page=3#contactUser344804,Surgical Instruments Mfrs and Exporters,https://www.jamals.com/search?type=classifications&query=Surgical+Instruments+Mfrs+and+Exporters,Beautycare Instruments,https://www.jamals.com/search?type=classifications&query=Beautycare+Instruments,Knives All Sorts Mfrs,https://www.jamals.com/search?type=classifications&query=Knives+All+Sorts+Mfrs,Phone Number 344804,https://www.google.com/recaptcha/api2/anchor?ar=1&k=6LfzrtEUAAAAADrVTV6SLRoKjfEQ2JtT2gUz1BsS&co=aHR0cHM6Ly93d3cuamFtYWxzLmNvbTo0NDM.&hl=en&v=TPiWapjoyMdQOtxLT9_b4n2W&size=normal&cb=cz9zvha66c6a
,,,,,,,,,,,,
https://www.jamals.com/modern-surgical-corporation/378441?preview=1,,MODERN SURGICAL CORPORATION,"Small Industrial Estate,Tipu Road, Sialkot",https://www.jamals.com/search?type=classifications&query=surgical%20instruments%20mfrs%20and%20exporters&page=3#contactUser378441,Scissors All Sorts,https://www.jamals.com/search?type=classifications&query=Scissors+All+Sorts,Beautycare Instruments,https://www.jamals.com/search?type=classifications&query=Beautycare+Instruments,Surgical Instruments Mfrs and Exporters,https://www.jamals.com/search?type=classifications&query=Surgical+Instruments+Mfrs+and+Exporters,Phone Number 378441,https://www.google.com/recaptcha/api2/anchor?ar=1&k=6LfzrtEUAAAAADrVTV6SLRoKjfEQ2JtT2gUz1BsS&co=aHR0cHM6Ly93d3cuamFtYWxzLmNvbTo0NDM.&hl=en&v=TPiWapjoyMdQOtxLT9_b4n2W&size=normal&cb=37o5iu4re7fx
,,,,,,,,,,,,
https://www.jamals.com/hillmax-corporation/339332?preview=1,,HILLMAX CORPORATION,"1/525,Nasir Road, Sialkot",https://www.jamals.com/search?type=classifications&query=surgical%20instruments%20mfrs%20and%20exporters&page=3#contactUser339332,Dental Equipment & Instruments,https://www.jamals.com/search?type=classifications&query=Dental+Equipment+%26+Instruments,Importers,https://www.jamals.com/search?type=classifications&query=Importers,Beautycare Instruments,https://www.jamals.com/search?type=classifications&query=Beautycare+Instruments,Phone Number 339332,https://www.google.com/recaptcha/api2/anchor?ar=1&k=6LfzrtEUAAAAADrVTV6SLRoKjfEQ2JtT2gUz1BsS&co=aHR0cHM6Ly93d3cuamFtYWxzLmNvbTo0NDM.&hl=en&v=TPiWapjoyMdQOtxLT9_b4n2W&size=normal&cb=y6e20xlhxvu2
,,,,,,,,,,,,
https://www.jamals.com/f.a.-najmmy-industries/353128?preview=1,https://www.jamals.com/images/logo-upload/logo-here.jpg,F.A. NAJMMY INDUSTRIES,"136-C,Fatima Jinnah Road,S.I.E.,P.O.Box # 1470, Sialkot",https://www.jamals.com/search?type=classifications&query=surgical%20instruments%20mfrs%20and%20exporters&page=4#contactUser353128,Barbers Equipment & Instrument Manufacturers,https://www.jamals.com/search?type=classifications&query=Barbers+Equipment+%26+Instrument+Manufacturers,Scissors All Sorts,https://www.jamals.com/search?type=classifications&query=Scissors+All+Sorts,Dental Equipment & Instruments,https://www.jamals.com/search?type=classifications&query=Dental+Equipment+%26+Instruments,Phone Number 353128,https://www.google.com/recaptcha/api2/anchor?ar=1&k=6LfzrtEUAAAAADrVTV6SLRoKjfEQ2JtT2gUz1BsS&co=aHR0cHM6Ly93d3cuamFtYWxzLmNvbTo0NDM.&hl=en&v=TPiWapjoyMdQOtxLT9_b4n2W&size=normal&cb=b3qrn3xnrbq4
,,,,,,,,,,,,
https://www.jamals.com/regal-industries/368600?preview=1,https://www.jamals.com/images/logo-upload/logo-here.jpg,REGAL INDUSTRIES,"53-C Block,Nishter Road,Small Industrial Estate, Sialkot",https://www.jamals.com/search?type=classifications&query=surgical%20instruments%20mfrs%20and%20exporters&page=4#contactUser368600,Surgical Instruments Mfrs and Exporters,https://www.jamals.com/search?type=classifications&query=Surgical+Instruments+Mfrs+and+Exporters,Barbers Equipment & Instrument Manufacturers,https://www.jamals.com/search?type=classifications&query=Barbers+Equipment+%26+Instrument+Manufacturers,Scissors All Sorts,https://www.jamals.com/search?type=classifications&query=Scissors+All+Sorts,Phone Number 368600,https://www.google.com/recaptcha/api2/anchor?ar=1&k=6LfzrtEUAAAAADrVTV6SLRoKjfEQ2JtT2gUz1BsS&co=aHR0cHM6Ly93d3cuamFtYWxzLmNvbTo0NDM.&hl=en&v=TPiWapjoyMdQOtxLT9_b4n2W&size=normal&cb=u5iosm2lt5ne
,,,,,,,,,,,,
https://www.jamals.com/friends-surgico-pvt-ltd./358838?preview=1,https://www.jamals.com/images/logo-upload/logo-here.jpg,FRIENDS SURGICO (PVT) LTD.,"55-C,Nishter Road,S.I.E., Sialkot",https://www.jamals.com/search?type=classifications&query=surgical%20instruments%20mfrs%20and%20exporters&page=4#contactUser358838,Barbers Equipment & Instrument Manufacturers,https://www.jamals.com/search?type=classifications&query=Barbers+Equipment+%26+Instrument+Manufacturers,Surgical Instruments Mfrs and Exporters,https://www.jamals.com/search?type=classifications&query=Surgical+Instruments+Mfrs+and+Exporters,Beautycare Instruments,https://www.jamals.com/search?type=classifications&query=Beautycare+Instruments,Phone Number 358838,https://www.google.com/recaptcha/api2/anchor?ar=1&k=6LfzrtEUAAAAADrVTV6SLRoKjfEQ2JtT2gUz1BsS&co=aHR0cHM6Ly93d3cuamFtYWxzLmNvbTo0NDM.&hl=en&v=TPiWapjoyMdQOtxLT9_b4n2W&size=normal&cb=8xpvpi77up5c
,,,,,,,,,,,,
https://www.jamals.com/paksmith-surgico/380680?preview=1,https://www.jamals.com/images/logo-upload/logo-here.jpg,PAKSMITH SURGICO,"68,70-C Ghalib Road,Industrial Estate # 1, Sialkot",https://www.jamals.com/search?type=classifications&query=surgical%20instruments%20mfrs%20and%20exporters&page=4#contactUser380680,Beautycare Instruments,https://www.jamals.com/search?type=classifications&query=Beautycare+Instruments,Dental Equipment & Instruments,https://www.jamals.com/search?type=classifications&query=Dental+Equipment+%26+Instruments,Saddlery Goods Manufacturers,https://www.jamals.com/search?type=classifications&query=Saddlery+Goods+Manufacturers,Phone Number 380680,https://www.google.com/recaptcha/api2/anchor?ar=1&k=6LfzrtEUAAAAADrVTV6SLRoKjfEQ2JtT2gUz1BsS&co=aHR0cHM6Ly93d3cuamFtYWxzLmNvbTo0NDM.&hl=en&v=TPiWapjoyMdQOtxLT9_b4n2W&size=normal&cb=qcluliyyvrug
,,,,,,,,,,,,
https://www.jamals.com/b.-webber-and-company/340835?preview=1,,B. WEBBER AND COMPANY,"7/B,Masson Road, Lahore",https://www.jamals.com/search?type=classifications&query=surgical%20instruments%20mfrs%20and%20exporters&page=4#contactUser340835,Dental Equipment & Instruments,https://www.jamals.com/search?type=classifications&query=Dental+Equipment+%26+Instruments,Medical Instruments & Supplies,https://www.jamals.com/search?type=classifications&query=Medical+Instruments+%26+Supplies,Surgical Scissors Mfrs and Exporters,https://www.jamals.com/search?type=classifications&query=Surgical+Scissors+Mfrs+and+Exporters,Phone Number 340835,https://www.google.com/recaptcha/api2/anchor?ar=1&k=6LfzrtEUAAAAADrVTV6SLRoKjfEQ2JtT2gUz1BsS&co=aHR0cHM6Ly93d3cuamFtYWxzLmNvbTo0NDM.&hl=en&v=TPiWapjoyMdQOtxLT9_b4n2W&size=normal&cb=bz8ak029ej4d
,,,,,,,,,,,,
https://www.jamals.com/a.n.a.-amity-impex/338438?preview=1,,A.N.A. AMITY IMPEX,"A.N.A.Square,Airport Road,Murad Pur, Sialkot",https://www.jamals.com/search?type=classifications&query=surgical%20instruments%20mfrs%20and%20exporters&page=4#contactUser338438,Veterinary Instruments,https://www.jamals.com/search?type=classifications&query=Veterinary+Instruments,Surgical Instruments Mfrs and Exporters,https://www.jamals.com/search?type=classifications&query=Surgical+Instruments+Mfrs+and+Exporters,Orthopaedic Implants,https://www.jamals.com/search?type=classifications&query=Orthopaedic+Implants,Phone Number 338438,https://www.google.com/recaptcha/api2/anchor?ar=1&k=6LfzrtEUAAAAADrVTV6SLRoKjfEQ2JtT2gUz1BsS&co=aHR0cHM6Ly93d3cuamFtYWxzLmNvbTo0NDM.&hl=en&v=TPiWapjoyMdQOtxLT9_b4n2W&size=normal&cb=refyu6d5sdjv
,,,,,,,,,,,,
https://www.jamals.com/mesaad-co./359007?preview=1,https://www.jamals.com/images/logo-upload/logo-here.jpg,MESAAD & CO.,"Ahmed Din Estate Naul Moore,Roras Road, Sialkot",https://www.jamals.com/search?type=classifications&query=surgical%20instruments%20mfrs%20and%20exporters&page=5#contactUser359007,Beautycare Instruments,https://www.jamals.com/search?type=classifications&query=Beautycare+Instruments,Surgical Instruments Mfrs and Exporters,https://www.jamals.com/search?type=classifications&query=Surgical+Instruments+Mfrs+and+Exporters,Veterinary Instruments,https://www.jamals.com/search?type=classifications&query=Veterinary+Instruments,Phone Number 359007,https://www.google.com/recaptcha/api2/anchor?ar=1&k=6LfzrtEUAAAAADrVTV6SLRoKjfEQ2JtT2gUz1BsS&co=aHR0cHM6Ly93d3cuamFtYWxzLmNvbTo0NDM.&hl=en&v=TPiWapjoyMdQOtxLT9_b4n2W&size=normal&cb=18qmstdqz1c5
,,,,,,,,,,,,
https://www.jamals.com/intrade-international/365538?preview=1,https://www.jamals.com/images/logo-upload/logo-here.jpg,INTRADE INTERNATIONAL,"Commissioner Road,Muhammad Pura, Sialkot",https://www.jamals.com/search?type=classifications&query=surgical%20instruments%20mfrs%20and%20exporters&page=5#contactUser365538,Football & Soccerball Mfrs,https://www.jamals.com/search?type=classifications&query=Football+%26+Soccerball+Mfrs,Surgical Instruments Mfrs and Exporters,https://www.jamals.com/search?type=classifications&query=Surgical+Instruments+Mfrs+and+Exporters,Cutting Tools,https://www.jamals.com/search?type=classifications&query=Cutting+Tools,Phone Number 365538,https://www.google.com/recaptcha/api2/anchor?ar=1&k=6LfzrtEUAAAAADrVTV6SLRoKjfEQ2JtT2gUz1BsS&co=aHR0cHM6Ly93d3cuamFtYWxzLmNvbTo0NDM.&hl=en&v=TPiWapjoyMdQOtxLT9_b4n2W&size=normal&cb=51y6os6c5ki8
,,,,,,,,,,,,
https://www.jamals.com/behram-enterprises-badges/367380?preview=1,https://www.jamals.com/images/logo-upload/logo-here.jpg,BEHRAM ENTERPRISES (BADGES),"Harrar,Wazirabad Road,Opposite Attock Pump, Sialkot",https://www.jamals.com/search?type=classifications&query=surgical%20instruments%20mfrs%20and%20exporters&page=5#contactUser367380,Uniform Accessories,https://www.jamals.com/search?type=classifications&query=Uniform+Accessories,Beautycare Instruments,https://www.jamals.com/search?type=classifications&query=Beautycare+Instruments,Badges & Insignia Mfrs and Exporters,https://www.jamals.com/search?type=classifications&query=Badges+%26+Insignia+Mfrs+and+Exporters,Phone Number 367380,https://www.google.com/recaptcha/api2/anchor?ar=1&k=6LfzrtEUAAAAADrVTV6SLRoKjfEQ2JtT2gUz1BsS&co=aHR0cHM6Ly93d3cuamFtYWxzLmNvbTo0NDM.&hl=en&v=TPiWapjoyMdQOtxLT9_b4n2W&size=normal&cb=xeuvzglgtku1
,,,,,,,,,,,,
https://www.jamals.com/foreigner-instruments/378810?preview=1,https://www.jamals.com/images/logo-upload/logo-here.jpg,FOREIGNER INSTRUMENTS,"Hussani Road,Muzaffar Pur, Sialkot",https://www.jamals.com/search?type=classifications&query=surgical%20instruments%20mfrs%20and%20exporters&page=5#contactUser378810,Dental Equipment & Instruments,https://www.jamals.com/search?type=classifications&query=Dental+Equipment+%26+Instruments,Beautycare Instruments,https://www.jamals.com/search?type=classifications&query=Beautycare+Instruments,Surgical Instruments Mfrs and Exporters,https://www.jamals.com/search?type=classifications&query=Surgical+Instruments+Mfrs+and+Exporters,Phone Number 378810,https://www.google.com/recaptcha/api2/anchor?ar=1&k=6LfzrtEUAAAAADrVTV6SLRoKjfEQ2JtT2gUz1BsS&co=aHR0cHM6Ly93d3cuamFtYWxzLmNvbTo0NDM.&hl=en&v=TPiWapjoyMdQOtxLT9_b4n2W&size=normal&cb=f1osxwbw5gv2
,,,,,,,,,,,,
https://www.jamals.com/m.i.t.-surgical/370869?preview=1,,M.I.T. SURGICAL,"Khan Mahal Road,Kalay Khan,Street # 30, Sialkot",https://www.jamals.com/search?type=classifications&query=surgical%20instruments%20mfrs%20and%20exporters&page=5#contactUser370869,Saddlery Goods Manufacturers,https://www.jamals.com/search?type=classifications&query=Saddlery+Goods+Manufacturers,Veterinary Instruments,https://www.jamals.com/search?type=classifications&query=Veterinary+Instruments,Surgical Instruments Mfrs and Exporters,https://www.jamals.com/search?type=classifications&query=Surgical+Instruments+Mfrs+and+Exporters,Phone Number 370869,https://www.google.com/recaptcha/api2/anchor?ar=1&k=6LfzrtEUAAAAADrVTV6SLRoKjfEQ2JtT2gUz1BsS&co=aHR0cHM6Ly93d3cuamFtYWxzLmNvbTo0NDM.&hl=en&v=TPiWapjoyMdQOtxLT9_b4n2W&size=normal&cb=rqapa22d9nn2
,,,,,,,,,,,,
https://www.jamals.com/standard-supply-agencies/355011?preview=1,,STANDARD SUPPLY AGENCIES,"Khyber Bazar, Peshawar",https://www.jamals.com/search?type=classifications&query=surgical%20instruments%20mfrs%20and%20exporters&page=5#contactUser355011,Electrical & Electronic Appliances,https://www.jamals.com/search?type=classifications&query=Electrical+%26+Electronic+Appliances,Home Appliances,https://www.jamals.com/search?type=classifications&query=Home+Appliances,Electrical & Electronic Appliances,https://www.jamals.com/search?type=classifications&query=Electrical+%26+Electronic+Appliances,Phone Number 355011,https://www.google.com/recaptcha/api2/anchor?ar=1&k=6LfzrtEUAAAAADrVTV6SLRoKjfEQ2JtT2gUz1BsS&co=aHR0cHM6Ly93d3cuamFtYWxzLmNvbTo0NDM.&hl=en&v=TPiWapjoyMdQOtxLT9_b4n2W&size=normal&cb=6e4e5e2p9fvw
,,,,,,,,,,,,
https://www.jamals.com/inayat-pipe-industries-pvt-ltd./352044?preview=1,https://www.jamals.com/images/logo-upload/logo-here.jpg,INAYAT PIPE INDUSTRIES (PVT) LTD.,"Main Bund Rd,Opp. China Scheme,Near Ishtiaq Kanta,Kroll Ghati Stop, Lahore",https://www.jamals.com/search?type=classifications&query=surgical%20instruments%20mfrs%20and%20exporters&page=6#contactUser352044,Refractory Material,https://www.jamals.com/search?type=classifications&query=Refractory+Material,Auto Rickshaw Mfrs,https://www.jamals.com/search?type=classifications&query=Auto+Rickshaw+Mfrs,Furniture Manufacturers & Dealers,https://www.jamals.com/search?type=classifications&query=Furniture+Manufacturers+%26+Dealers,Phone Number 352044,https://www.google.com/recaptcha/api2/anchor?ar=1&k=6LfzrtEUAAAAADrVTV6SLRoKjfEQ2JtT2gUz1BsS&co=aHR0cHM6Ly93d3cuamFtYWxzLmNvbTo0NDM.&hl=en&v=TPiWapjoyMdQOtxLT9_b4n2W&size=normal&cb=d2yyvmch3llw
,,,,,,,,,,,,
https://www.jamals.com/curio-shine-international/377716?preview=1,https://www.jamals.com/images/logo-upload/logo-here.jpg,CURIO SHINE INTERNATIONAL,"Muhammad Pura,Near Makki Masjid,P.O.Box: 3011, Sialkot",https://www.jamals.com/search?type=classifications&query=surgical%20instruments%20mfrs%20and%20exporters&page=6#contactUser377716,Scissors All Sorts,https://www.jamals.com/search?type=classifications&query=Scissors+All+Sorts,Surgical Instruments Mfrs and Exporters,https://www.jamals.com/search?type=classifications&query=Surgical+Instruments+Mfrs+and+Exporters,Veterinary Instruments,https://www.jamals.com/search?type=classifications&query=Veterinary+Instruments,Phone Number 377716,https://www.google.com/recaptcha/api2/anchor?ar=1&k=6LfzrtEUAAAAADrVTV6SLRoKjfEQ2JtT2gUz1BsS&co=aHR0cHM6Ly93d3cuamFtYWxzLmNvbTo0NDM.&hl=en&v=TPiWapjoyMdQOtxLT9_b4n2W&size=normal&cb=dnoogvtk0uae
,,,,,,,,,,,,
https://www.jamals.com/collective-cascade-impex/366505?preview=1,https://www.jamals.com/images/logo-upload/logo-here.jpg,COLLECTIVE CASCADE IMPEX,"Mustafa Town,Small Industrial Estate,P.O.Box: 2535, Sialkot",https://www.jamals.com/search?type=classifications&query=surgical%20instruments%20mfrs%20and%20exporters&page=6#contactUser366505,Surgical Instruments Mfrs and Exporters,https://www.jamals.com/search?type=classifications&query=Surgical+Instruments+Mfrs+and+Exporters,Barbers Equipment & Instrument Manufacturers,https://www.jamals.com/search?type=classifications&query=Barbers+Equipment+%26+Instrument+Manufacturers,Dental Equipment & Instruments,https://www.jamals.com/search?type=classifications&query=Dental+Equipment+%26+Instruments,Phone Number 366505,https://www.google.com/recaptcha/api2/anchor?ar=1&k=6LfzrtEUAAAAADrVTV6SLRoKjfEQ2JtT2gUz1BsS&co=aHR0cHM6Ly93d3cuamFtYWxzLmNvbTo0NDM.&hl=en&v=TPiWapjoyMdQOtxLT9_b4n2W&size=normal&cb=2fvhxp6fx3as
,,,,,,,,,,,,
https://www.jamals.com/ajmo-star-surgico/374614?preview=1,https://www.jamals.com/images/logo-upload/logo-here.jpg,AJMO STAR SURGICO,"Sahowali,P.O. Cantt., Sialkot",https://www.jamals.com/search?type=classifications&query=surgical%20instruments%20mfrs%20and%20exporters&page=6#contactUser374614,Veterinary Instruments,https://www.jamals.com/search?type=classifications&query=Veterinary+Instruments,Dental Equipment & Instruments,https://www.jamals.com/search?type=classifications&query=Dental+Equipment+%26+Instruments,Beautycare Instruments,https://www.jamals.com/search?type=classifications&query=Beautycare+Instruments,Phone Number 374614,https://www.google.com/recaptcha/api2/anchor?ar=1&k=6LfzrtEUAAAAADrVTV6SLRoKjfEQ2JtT2gUz1BsS&co=aHR0cHM6Ly93d3cuamFtYWxzLmNvbTo0NDM.&hl=en&v=TPiWapjoyMdQOtxLT9_b4n2W&size=normal&cb=gaokxw7wmtl2
,,,,,,,,,,,,
https://www.jamals.com/surgical-sources-industries/378108?preview=1,,SURGICAL SOURCES INDUSTRIES,"Small Industrial Estate,P.O. Box #1389, Sialkot",https://www.jamals.com/search?type=classifications&query=surgical%20instruments%20mfrs%20and%20exporters&page=6#contactUser378108,Dental Equipment & Instruments,https://www.jamals.com/search?type=classifications&query=Dental+Equipment+%26+Instruments,Beautycare Instruments,https://www.jamals.com/search?type=classifications&query=Beautycare+Instruments,Surgical Instruments Mfrs and Exporters,https://www.jamals.com/search?type=classifications&query=Surgical+Instruments+Mfrs+and+Exporters,Phone Number 378108,https://www.google.com/recaptcha/api2/anchor?ar=1&k=6LfzrtEUAAAAADrVTV6SLRoKjfEQ2JtT2gUz1BsS&co=aHR0cHM6Ly93d3cuamFtYWxzLmNvbTo0NDM.&hl=en&v=TPiWapjoyMdQOtxLT9_b4n2W&size=normal&cb=8f9zdyi95oo1
,,,,,,,,,,,,
https://www.jamals.com/pisces-eye-instruments/367200?preview=1,,PISCES EYE INSTRUMENTS,"Valana Street,Capital Road,P.O.Box #2261, Sialkot",https://www.jamals.com/search?type=classifications&query=surgical%20instruments%20mfrs%20and%20exporters&page=6#contactUser367200,Disposable Surgical Instrument,https://www.jamals.com/search?type=classifications&query=Disposable+Surgical+Instrument,Surgical Instruments Mfrs and Exporters,https://www.jamals.com/search?type=classifications&query=Surgical+Instruments+Mfrs+and+Exporters,Optical and Opthalmic Instruments & Supplies,https://www.jamals.com/search?type=classifications&query=Optical+and+Opthalmic+Instruments+%26+Supplies,Phone Number 367200,https://www.google.com/recaptcha/api2/anchor?ar=1&k=6LfzrtEUAAAAADrVTV6SLRoKjfEQ2JtT2gUz1BsS&co=aHR0cHM6Ly93d3cuamFtYWxzLmNvbTo0NDM.&hl=en&v=TPiWapjoyMdQOtxLT9_b4n2W&size=normal&cb=30ggwjl8qf3b
,,,,,,,,,,,,
https://www.jamals.com/keven-impex/367098?preview=1,https://www.jamals.com/images/logo-upload/logo-here.jpg,KEVEN IMPEX,"Zafarwal Rd,Ahmed Nagar Bunga,Near Chungi # 08,P.O.Box # 2477, Sialkot",https://www.jamals.com/search?type=classifications&query=surgical%20instruments%20mfrs%20and%20exporters&page=7#contactUser367098,Motorcycle Gloves,https://www.jamals.com/search?type=classifications&query=Motorcycle+Gloves,Safety Wears,https://www.jamals.com/search?type=classifications&query=Safety+Wears,Surgical Instruments Mfrs and Exporters,https://www.jamals.com/search?type=classifications&query=Surgical+Instruments+Mfrs+and+Exporters,Phone Number 367098,https://www.google.com/recaptcha/api2/anchor?ar=1&k=6LfzrtEUAAAAADrVTV6SLRoKjfEQ2JtT2gUz1BsS&co=aHR0cHM6Ly93d3cuamFtYWxzLmNvbTo0NDM.&hl=en&v=TPiWapjoyMdQOtxLT9_b4n2W&size=normal&cb=k3k01l21ry1h
,,,,,,,,,,,,
https://www.jamals.com/lumber-of-sialkot/379603?preview=1,https://www.jamals.com/images/logo-upload/logo-here.jpg,LUMBER OF SIALKOT,,https://www.jamals.com/search?type=classifications&query=surgical%20instruments%20mfrs%20and%20exporters&page=7#contactUser379603,Medical Instruments & Supplies,https://www.jamals.com/search?type=classifications&query=,Minerals & Mineral Products,https://www.jamals.com/search?type=classifications&query=,Dental Kit,https://www.jamals.com/search?type=classifications&query=,Phone Number 379603,https://www.google.com/recaptcha/api2/anchor?ar=1&k=6LfzrtEUAAAAADrVTV6SLRoKjfEQ2JtT2gUz1BsS&co=aHR0cHM6Ly93d3cuamFtYWxzLmNvbTo0NDM.&hl=en&v=TPiWapjoyMdQOtxLT9_b4n2W&size=normal&cb=5b2tmypn804w
,,,,,,,,,,,,
https://www.jamals.com/online-surgical-shop.com/328977?preview=1,,ONLINE SURGICAL SHOP.COM,"# 1132,Ward No.7,Saddar Bazar,Cantt., Sialkot",https://www.jamals.com/search?type=classifications&query=surgical%20instruments%20mfrs%20and%20exporters&page=7#contactUser328977,Surgical Instruments Mfrs and Exporters,https://www.jamals.com/search?type=classifications&query=Surgical+Instruments+Mfrs+and+Exporters,,,,,Phone Number 328977,https://www.google.com/recaptcha/api2/anchor?ar=1&k=6LfzrtEUAAAAADrVTV6SLRoKjfEQ2JtT2gUz1BsS&co=aHR0cHM6Ly93d3cuamFtYWxzLmNvbTo0NDM.&hl=en&v=TPiWapjoyMdQOtxLT9_b4n2W&size=normal&cb=ljsy0jwiyj4c
,,,,,,,,,,,,
https://www.jamals.com/prime-surgical-international/325504?preview=1,,PRIME SURGICAL INTERNATIONAL,"# 25,Ground Floor,Queen Centre,Near Habib Public School,M.T. Khan Road, Karachi",https://www.jamals.com/search?type=classifications&query=surgical%20instruments%20mfrs%20and%20exporters&page=7#contactUser325504,Surgical Instruments Mfrs and Exporters,https://www.jamals.com/search?type=classifications&query=Surgical+Instruments+Mfrs+and+Exporters,Medical Equipment,https://www.jamals.com/search?type=classifications&query=Medical+Equipment,,,Phone Number 325504,https://www.google.com/recaptcha/api2/anchor?ar=1&k=6LfzrtEUAAAAADrVTV6SLRoKjfEQ2JtT2gUz1BsS&co=aHR0cHM6Ly93d3cuamFtYWxzLmNvbTo0NDM.&hl=en&v=TPiWapjoyMdQOtxLT9_b4n2W&size=normal&cb=wmj6suvpa3jb
,,,,,,,,,,,,
https://www.jamals.com/s.s.-surgical-co./323587?preview=1,,S.S. SURGICAL CO.,"#6,Noman Arcade,Sir Shah Suleman Road,Gulshan-e-Iqbal, Karachi",https://www.jamals.com/search?type=classifications&query=surgical%20instruments%20mfrs%20and%20exporters&page=7#contactUser323587,Surgical Instruments Mfrs and Exporters,https://www.jamals.com/search?type=classifications&query=Surgical+Instruments+Mfrs+and+Exporters,,,,,Phone Number 323587,https://www.google.com/recaptcha/api2/anchor?ar=1&k=6LfzrtEUAAAAADrVTV6SLRoKjfEQ2JtT2gUz1BsS&co=aHR0cHM6Ly93d3cuamFtYWxzLmNvbTo0NDM.&hl=en&v=TPiWapjoyMdQOtxLT9_b4n2W&size=normal&cb=odbffd4c6mn1
,,,,,,,,,,,,
https://www.jamals.com/ccp-instrument/334623?preview=1,,CCP INSTRUMENT,"1-B,Waris Colony,Wahdat Road,Near Multan Chungi, Lahore",https://www.jamals.com/search?type=classifications&query=surgical%20instruments%20mfrs%20and%20exporters&page=7#contactUser334623,Surgical Instruments Mfrs and Exporters,https://www.jamals.com/search?type=classifications&query=Surgical+Instruments+Mfrs+and+Exporters,,,,,Phone Number 334623,https://www.google.com/recaptcha/api2/anchor?ar=1&k=6LfzrtEUAAAAADrVTV6SLRoKjfEQ2JtT2gUz1BsS&co=aHR0cHM6Ly93d3cuamFtYWxzLmNvbTo0NDM.&hl=en&v=TPiWapjoyMdQOtxLT9_b4n2W&size=normal&cb=9sqxhm62j1ps
,,,,,,,,,,,,
https://www.jamals.com/rahmat-ali-co./352431?preview=1,https://www.jamals.com/images/logo-upload/logo-here.jpg,RAHMAT ALI & CO.,"1-Link McLeod Road, Lahore",https://www.jamals.com/search?type=classifications&query=surgical%20instruments%20mfrs%20and%20exporters&page=8#contactUser352431,Medical Equipment,https://www.jamals.com/search?type=classifications&query=Medical+Equipment,Surgical Instruments Mfrs and Exporters,https://www.jamals.com/search?type=classifications&query=Surgical+Instruments+Mfrs+and+Exporters,,,Phone Number 352431,https://www.google.com/recaptcha/api2/anchor?ar=1&k=6LfzrtEUAAAAADrVTV6SLRoKjfEQ2JtT2gUz1BsS&co=aHR0cHM6Ly93d3cuamFtYWxzLmNvbTo0NDM.&hl=en&v=TPiWapjoyMdQOtxLT9_b4n2W&size=normal&cb=q8qwofuqquqn
,,,,,,,,,,,,
https://www.jamals.com/quality-surgicals/359358?preview=1,https://www.jamals.com/images/logo-upload/logo-here.jpg,QUALITY SURGICALS,"1,1st Floor,Kashmir Gate Plaza,Murree Road, Rawalpindi",https://www.jamals.com/search?type=classifications&query=surgical%20instruments%20mfrs%20and%20exporters&page=8#contactUser359358,Surgical Instruments Mfrs and Exporters,https://www.jamals.com/search?type=classifications&query=Surgical+Instruments+Mfrs+and+Exporters,Surgical Holloware Mfrs and Exporters,https://www.jamals.com/search?type=classifications&query=Surgical+Holloware+Mfrs+and+Exporters,,,Phone Number 359358,https://www.google.com/recaptcha/api2/anchor?ar=1&k=6LfzrtEUAAAAADrVTV6SLRoKjfEQ2JtT2gUz1BsS&co=aHR0cHM6Ly93d3cuamFtYWxzLmNvbTo0NDM.&hl=en&v=TPiWapjoyMdQOtxLT9_b4n2W&size=normal&cb=wjua5yg0mnv
,,,,,,,,,,,,
https://www.jamals.com/braun-surgical/376932?preview=1,https://www.jamals.com/images/logo-upload/logo-here.jpg,BRAUN SURGICAL,"1.5 K.M,Dubai Chowk,P.O Gohad Pur, Sialkot",https://www.jamals.com/search?type=classifications&query=surgical%20instruments%20mfrs%20and%20exporters&page=8#contactUser376932,Beautycare Instruments,https://www.jamals.com/search?type=classifications&query=Beautycare+Instruments,Dental Equipment & Instruments,https://www.jamals.com/search?type=classifications&query=Dental+Equipment+%26+Instruments,Surgical Instruments Mfrs and Exporters,https://www.jamals.com/search?type=classifications&query=Surgical+Instruments+Mfrs+and+Exporters,Phone Number 376932,https://www.google.com/recaptcha/api2/anchor?ar=1&k=6LfzrtEUAAAAADrVTV6SLRoKjfEQ2JtT2gUz1BsS&co=aHR0cHM6Ly93d3cuamFtYWxzLmNvbTo0NDM.&hl=en&v=TPiWapjoyMdQOtxLT9_b4n2W&size=normal&cb=yjbx75ga8bny
,,,,,,,,,,,,
https://www.jamals.com/zzaaj-impex/325688?preview=1,https://www.jamals.com/images/logo-upload/logo-here.jpg,ZZAAJ IMPEX,"1/129,Mubarak Pura, Sialkot",https://www.jamals.com/search?type=classifications&query=surgical%20instruments%20mfrs%20and%20exporters&page=8#contactUser325688,Surgical Instruments Mfrs and Exporters,https://www.jamals.com/search?type=classifications&query=Surgical+Instruments+Mfrs+and+Exporters,,,,,Phone Number 325688,https://www.google.com/recaptcha/api2/anchor?ar=1&k=6LfzrtEUAAAAADrVTV6SLRoKjfEQ2JtT2gUz1BsS&co=aHR0cHM6Ly93d3cuamFtYWxzLmNvbTo0NDM.&hl=en&v=TPiWapjoyMdQOtxLT9_b4n2W&size=normal&cb=pbhmccj3g6wg
,,,,,,,,,,,,
https://www.jamals.com/zoli-international-pvt-ltd./380045?preview=1,https://www.jamals.com/images/logo-upload/logo-here.jpg,ZOLI INTERNATIONAL (PVT) LTD.,"10-KM Raiwind Road,Bhobatian Intersection, Lahore",https://www.jamals.com/search?type=classifications&query=surgical%20instruments%20mfrs%20and%20exporters&page=8#contactUser380045,Surgical Instruments Mfrs and Exporters,https://www.jamals.com/search?type=classifications&query=Surgical+Instruments+Mfrs+and+Exporters,,,,,Phone Number 380045,https://www.google.com/recaptcha/api2/anchor?ar=1&k=6LfzrtEUAAAAADrVTV6SLRoKjfEQ2JtT2gUz1BsS&co=aHR0cHM6Ly93d3cuamFtYWxzLmNvbTo0NDM.&hl=en&v=TPiWapjoyMdQOtxLT9_b4n2W&size=normal&cb=chkrb0b3q78h
,,,,,,,,,,,,
https://www.jamals.com/medilinks-international/324012?preview=1,,MEDILINKS INTERNATIONAL,"102,1st Floor,Shahnaz Arcade,Shaheed-e-Millat Road, Karachi",https://www.jamals.com/search?type=classifications&query=surgical%20instruments%20mfrs%20and%20exporters&page=8#contactUser324012,Surgical Instruments Mfrs and Exporters,https://www.jamals.com/search?type=classifications&query=Surgical+Instruments+Mfrs+and+Exporters,,,,,Phone Number 324012,https://www.google.com/recaptcha/api2/anchor?ar=1&k=6LfzrtEUAAAAADrVTV6SLRoKjfEQ2JtT2gUz1BsS&co=aHR0cHM6Ly93d3cuamFtYWxzLmNvbTo0NDM.&hl=en&v=TPiWapjoyMdQOtxLT9_b4n2W&size=normal&cb=y1laxwmrd36o
,,,,,,,,,,,,
https://www.jamals.com/recovery-health-center-smc-pvt-ltd./334777?preview=1,https://www.jamals.com/images/logo-upload/logo-here.jpg,RECOVERY HEALTH CENTER(SMC-PVT) LTD.,"104/B,Habib Park,Model Town,Link Road, Lahore",https://www.jamals.com/search?type=classifications&query=surgical%20instruments%20mfrs%20and%20exporters&page=9#contactUser334777,Surgical Instruments Mfrs and Exporters,https://www.jamals.com/search?type=classifications&query=Surgical+Instruments+Mfrs+and+Exporters,,,,,Phone Number 334777,https://www.google.com/recaptcha/api2/anchor?ar=1&k=6LfzrtEUAAAAADrVTV6SLRoKjfEQ2JtT2gUz1BsS&co=aHR0cHM6Ly93d3cuamFtYWxzLmNvbTo0NDM.&hl=en&v=TPiWapjoyMdQOtxLT9_b4n2W&size=normal&cb=j2w4shuajyin
,,,,,,,,,,,,
https://www.jamals.com/danial-haseeb-pvt-ltd./377173?preview=1,https://www.jamals.com/images/logo-upload/logo-here.jpg,DANIAL HASEEB (PVT) LTD.,"105-B,Commercial Sector-C,Bahria Town, Lahore",https://www.jamals.com/search?type=classifications&query=surgical%20instruments%20mfrs%20and%20exporters&page=9#contactUser377173,Dental Equipment & Instruments,https://www.jamals.com/search?type=classifications&query=Dental+Equipment+%26+Instruments,Surgical Instruments Mfrs and Exporters,https://www.jamals.com/search?type=classifications&query=Surgical+Instruments+Mfrs+and+Exporters,,,Phone Number 377173,https://www.google.com/recaptcha/api2/anchor?ar=1&k=6LfzrtEUAAAAADrVTV6SLRoKjfEQ2JtT2gUz1BsS&co=aHR0cHM6Ly93d3cuamFtYWxzLmNvbTo0NDM.&hl=en&v=TPiWapjoyMdQOtxLT9_b4n2W&size=normal&cb=38dglguti18b
,,,,,,,,,,,,
https://www.jamals.com/tanias-collections/363277?preview=1,https://www.jamals.com/images/logo-upload/logo-here.jpg,TANIAS COLLECTIONS,"107-A,Baber Block,New Garden Town, Lahore",https://www.jamals.com/search?type=classifications&query=surgical%20instruments%20mfrs%20and%20exporters&page=9#contactUser363277,Surgical Instruments Mfrs and Exporters,https://www.jamals.com/search?type=classifications&query=Surgical+Instruments+Mfrs+and+Exporters,,,,,Phone Number 363277,https://www.google.com/recaptcha/api2/anchor?ar=1&k=6LfzrtEUAAAAADrVTV6SLRoKjfEQ2JtT2gUz1BsS&co=aHR0cHM6Ly93d3cuamFtYWxzLmNvbTo0NDM.&hl=en&v=TPiWapjoyMdQOtxLT9_b4n2W&size=normal&cb=6sof0nosca3u
,,,,,,,,,,,,
https://www.jamals.com/k-med-health-care-products/326026?preview=1,https://www.jamals.com/images/logo-upload/logo-here.jpg,K-MED HEALTH CARE PRODUCTS,"11-A,Hurbance Pura Road,Cantt, Lahore",https://www.jamals.com/search?type=classifications&query=surgical%20instruments%20mfrs%20and%20exporters&page=9#contactUser326026,Surgical Instruments Mfrs and Exporters,https://www.jamals.com/search?type=classifications&query=Surgical+Instruments+Mfrs+and+Exporters,,,,,Phone Number 326026,https://www.google.com/recaptcha/api2/anchor?ar=1&k=6LfzrtEUAAAAADrVTV6SLRoKjfEQ2JtT2gUz1BsS&co=aHR0cHM6Ly93d3cuamFtYWxzLmNvbTo0NDM.&hl=en&v=TPiWapjoyMdQOtxLT9_b4n2W&size=normal&cb=lgtr3mvceuxu
,,,,,,,,,,,,
https://www.jamals.com/omer-farid-surgico/350732?preview=1,https://www.jamals.com/images/logo-upload/logo-here.jpg,OMER FARID SURGICO,"11-Cantonment Plaza,Cantt.,P.O.Box: 1384, Sialkot",https://www.jamals.com/search?type=classifications&query=surgical%20instruments%20mfrs%20and%20exporters&page=9#contactUser350732,Dental Equipment & Instruments,https://www.jamals.com/search?type=classifications&query=Dental+Equipment+%26+Instruments,Surgical Instruments Mfrs and Exporters,https://www.jamals.com/search?type=classifications&query=Surgical+Instruments+Mfrs+and+Exporters,Surgical Scissors Mfrs and Exporters,https://www.jamals.com/search?type=classifications&query=Surgical+Scissors+Mfrs+and+Exporters,Phone Number 350732,https://www.google.com/recaptcha/api2/anchor?ar=1&k=6LfzrtEUAAAAADrVTV6SLRoKjfEQ2JtT2gUz1BsS&co=aHR0cHM6Ly93d3cuamFtYWxzLmNvbTo0NDM.&hl=en&v=TPiWapjoyMdQOtxLT9_b4n2W&size=normal&cb=z433myci745k
,,,,,,,,,,,,
https://www.jamals.com/mid-east-manufacturers/365730?preview=1,,MID EAST MANUFACTURERS,"11/224,Nekapura, Sialkot",https://www.jamals.com/search?type=classifications&query=surgical%20instruments%20mfrs%20and%20exporters&page=9#contactUser365730,Surgical Instruments Mfrs and Exporters,https://www.jamals.com/search?type=classifications&query=Surgical+Instruments+Mfrs+and+Exporters,,,,,Phone Number 365730,https://www.google.com/recaptcha/api2/anchor?ar=1&k=6LfzrtEUAAAAADrVTV6SLRoKjfEQ2JtT2gUz1BsS&co=aHR0cHM6Ly93d3cuamFtYWxzLmNvbTo0NDM.&hl=en&v=TPiWapjoyMdQOtxLT9_b4n2W&size=normal&cb=7qlujutopgi3
,,,,,,,,,,,,
https://www.jamals.com/a-syed-surgical/374149?preview=1,https://www.jamals.com/images/logo-upload/logo-here.jpg,A-SYED SURGICAL,"110,Shah Jamal Street,Kharota Syedan, Sialkot",https://www.jamals.com/search?type=classifications&query=surgical%20instruments%20mfrs%20and%20exporters&page=10#contactUser374149,Dental Equipment & Instruments,https://www.jamals.com/search?type=classifications&query=Dental+Equipment+%26+Instruments,Surgical Instruments Mfrs and Exporters,https://www.jamals.com/search?type=classifications&query=Surgical+Instruments+Mfrs+and+Exporters,Beautycare Instruments,https://www.jamals.com/search?type=classifications&query=Beautycare+Instruments,Phone Number 374149,https://www.google.com/recaptcha/api2/anchor?ar=1&k=6LfzrtEUAAAAADrVTV6SLRoKjfEQ2JtT2gUz1BsS&co=aHR0cHM6Ly93d3cuamFtYWxzLmNvbTo0NDM.&hl=en&v=TPiWapjoyMdQOtxLT9_b4n2W&size=normal&cb=pgzppnd1ilr2
,,,,,,,,,,,,
https://www.jamals.com/acme-surgical-industries-pvt-ltd./338762?preview=1,https://www.jamals.com/images/logo-upload/logo-here.jpg,ACME SURGICAL INDUSTRIES (PVT) LTD.,"12-A,Small Industrial Estate,P.O.Box: 261, Sialkot",https://www.jamals.com/search?type=classifications&query=surgical%20instruments%20mfrs%20and%20exporters&page=10#contactUser338762,Surgical Instruments Mfrs and Exporters,https://www.jamals.com/search?type=classifications&query=Surgical+Instruments+Mfrs+and+Exporters,Dental Equipment & Instruments,https://www.jamals.com/search?type=classifications&query=Dental+Equipment+%26+Instruments,Beautycare Instruments,https://www.jamals.com/search?type=classifications&query=Beautycare+Instruments,Phone Number 338762,https://www.google.com/recaptcha/api2/anchor?ar=1&k=6LfzrtEUAAAAADrVTV6SLRoKjfEQ2JtT2gUz1BsS&co=aHR0cHM6Ly93d3cuamFtYWxzLmNvbTo0NDM.&hl=en&v=TPiWapjoyMdQOtxLT9_b4n2W&size=normal&cb=w7tb68tdmtok
,,,,,,,,,,,,
https://www.jamals.com/fesmed-instruments/375045?preview=1,https://www.jamals.com/images/logo-upload/logo-here.jpg,FESMED INSTRUMENTS,"12-B,Small Industrial Estate,Shahab Pura Road, Sialkot",https://www.jamals.com/search?type=classifications&query=surgical%20instruments%20mfrs%20and%20exporters&page=10#contactUser375045,Dental Equipment & Instruments,https://www.jamals.com/search?type=classifications&query=Dental+Equipment+%26+Instruments,Beautycare Instruments,https://www.jamals.com/search?type=classifications&query=Beautycare+Instruments,Surgical Instruments Mfrs and Exporters,https://www.jamals.com/search?type=classifications&query=Surgical+Instruments+Mfrs+and+Exporters,Phone Number 375045,https://www.google.com/recaptcha/api2/anchor?ar=1&k=6LfzrtEUAAAAADrVTV6SLRoKjfEQ2JtT2gUz1BsS&co=aHR0cHM6Ly93d3cuamFtYWxzLmNvbTo0NDM.&hl=en&v=TPiWapjoyMdQOtxLT9_b4n2W&size=normal&cb=yuix1anwehgw
,,,,,,,,,,,,
https://www.jamals.com/dentech-surgical-pvt-ltd./342760?preview=1,https://www.jamals.com/images/logo-upload/logo-here.jpg,DENTECH SURGICAL (PVT) LTD.,"126-C,Fatima Jinnah Road,Small Industrial Estate, Sialkot",https://www.jamals.com/search?type=classifications&query=surgical%20instruments%20mfrs%20and%20exporters&page=10#contactUser342760,Dental Equipment & Instruments,https://www.jamals.com/search?type=classifications&query=Dental+Equipment+%26+Instruments,ISO Certified Organizations,https://www.jamals.com/search?type=classifications&query=ISO+Certified+Organizations,Surgical Instruments Mfrs and Exporters,https://www.jamals.com/search?type=classifications&query=Surgical+Instruments+Mfrs+and+Exporters,Phone Number 342760,https://www.google.com/recaptcha/api2/anchor?ar=1&k=6LfzrtEUAAAAADrVTV6SLRoKjfEQ2JtT2gUz1BsS&co=aHR0cHM6Ly93d3cuamFtYWxzLmNvbTo0NDM.&hl=en&v=TPiWapjoyMdQOtxLT9_b4n2W&size=normal&cb=k73yk0jggvjm
,,,,,,,,,,,,
https://www.jamals.com/allseas-surgical/339875?preview=1,https://www.jamals.com/images/logo-upload/logo-here.jpg,ALLSEAS SURGICAL,"13-Km. Daska Road,P.O.Box #482, Sialkot",https://www.jamals.com/search?type=classifications&query=surgical%20instruments%20mfrs%20and%20exporters&page=10#contactUser339875,ISO Certified Organizations,https://www.jamals.com/search?type=classifications&query=ISO+Certified+Organizations,Beautycare Instruments,https://www.jamals.com/search?type=classifications&query=Beautycare+Instruments,Veterinary Instruments,https://www.jamals.com/search?type=classifications&query=Veterinary+Instruments,Phone Number 339875,https://www.google.com/recaptcha/api2/anchor?ar=1&k=6LfzrtEUAAAAADrVTV6SLRoKjfEQ2JtT2gUz1BsS&co=aHR0cHM6Ly93d3cuamFtYWxzLmNvbTo0NDM.&hl=en&v=TPiWapjoyMdQOtxLT9_b4n2W&size=normal&cb=fs2h009ty4m
,,,,,,,,,,,,
https://www.jamals.com/k.n.-surgicals/357969?preview=1,,K.N. SURGICALS,"13,Usman Centre,Khadim Ali Road, Sialkot",https://www.jamals.com/search?type=classifications&query=surgical%20instruments%20mfrs%20and%20exporters&page=10#contactUser357969,Surgical Instruments Mfrs and Exporters,https://www.jamals.com/search?type=classifications&query=Surgical+Instruments+Mfrs+and+Exporters,,,,,Phone Number 357969,https://www.google.com/recaptcha/api2/anchor?ar=1&k=6LfzrtEUAAAAADrVTV6SLRoKjfEQ2JtT2gUz1BsS&co=aHR0cHM6Ly93d3cuamFtYWxzLmNvbTo0NDM.&hl=en&v=TPiWapjoyMdQOtxLT9_b4n2W&size=normal&cb=td1rbhpwwtcx
,,,,,,,,,,,,
https://www.jamals.com/ahmed-latif-sons/366036?preview=1,https://www.jamals.com/images/logo-upload/logo-here.jpg,AHMED LATIF & SONS,"13/281,Mohallah Arazi Yaqoob, Sialkot",https://www.jamals.com/search?type=classifications&query=surgical%20instruments%20mfrs%20and%20exporters&page=11#contactUser366036,Surgical Instruments Mfrs and Exporters,https://www.jamals.com/search?type=classifications&query=Surgical+Instruments+Mfrs+and+Exporters,,,,,Phone Number 366036,https://www.google.com/recaptcha/api2/anchor?ar=1&k=6LfzrtEUAAAAADrVTV6SLRoKjfEQ2JtT2gUz1BsS&co=aHR0cHM6Ly93d3cuamFtYWxzLmNvbTo0NDM.&hl=en&v=TPiWapjoyMdQOtxLT9_b4n2W&size=normal&cb=ag7kym36n7h6
,,,,,,,,,,,,
https://www.jamals.com/rahman-brothers/381555?preview=1,https://www.jamals.com/images/logo-upload/logo-here.jpg,RAHMAN BROTHERS,"133-Kutchi Gali No.1,Marriot Road, Karachi",https://www.jamals.com/search?type=classifications&query=surgical%20instruments%20mfrs%20and%20exporters&page=11#contactUser381555,Surgical Instruments Mfrs and Exporters,https://www.jamals.com/search?type=classifications&query=Surgical+Instruments+Mfrs+and+Exporters,,,,,Phone Number 381555,https://www.google.com/recaptcha/api2/anchor?ar=1&k=6LfzrtEUAAAAADrVTV6SLRoKjfEQ2JtT2gUz1BsS&co=aHR0cHM6Ly93d3cuamFtYWxzLmNvbTo0NDM.&hl=en&v=TPiWapjoyMdQOtxLT9_b4n2W&size=normal&cb=33odgf88l3x5
,,,,,,,,,,,,
https://www.jamals.com/pak-way-industries/322645?preview=1,https://www.jamals.com/images/logo-upload/logo-here.jpg,PAK WAY INDUSTRIES,"14/114 Haji Pura,Daska Road, Sialkot",https://www.jamals.com/search?type=classifications&query=surgical%20instruments%20mfrs%20and%20exporters&page=11#contactUser322645,Surgical Instruments Mfrs and Exporters,https://www.jamals.com/search?type=classifications&query=Surgical+Instruments+Mfrs+and+Exporters,Dental Equipment & Instruments,https://www.jamals.com/search?type=classifications&query=Dental+Equipment+%26+Instruments,Beautycare Instruments,https://www.jamals.com/search?type=classifications&query=Beautycare+Instruments,Phone Number 322645,https://www.google.com/recaptcha/api2/anchor?ar=1&k=6LfzrtEUAAAAADrVTV6SLRoKjfEQ2JtT2gUz1BsS&co=aHR0cHM6Ly93d3cuamFtYWxzLmNvbTo0NDM.&hl=en&v=TPiWapjoyMdQOtxLT9_b4n2W&size=normal&cb=9gccx91ij05u
,,,,,,,,,,,,
https://www.jamals.com/saif-enterprises/334784?preview=1,https://www.jamals.com/images/logo-upload/logo-here.jpg,SAIF ENTERPRISES,"141-C,Sabzazar,Multan Road, Lahore",https://www.jamals.com/search?type=classifications&query=surgical%20instruments%20mfrs%20and%20exporters&page=11#contactUser334784,Surgical Instruments Mfrs and Exporters,https://www.jamals.com/search?type=classifications&query=Surgical+Instruments+Mfrs+and+Exporters,,,,,Phone Number 334784,https://www.google.com/recaptcha/api2/anchor?ar=1&k=6LfzrtEUAAAAADrVTV6SLRoKjfEQ2JtT2gUz1BsS&co=aHR0cHM6Ly93d3cuamFtYWxzLmNvbTo0NDM.&hl=en&v=TPiWapjoyMdQOtxLT9_b4n2W&size=normal&cb=p7qxlrwwjmvl
,,,,,,,,,,,,
https://www.jamals.com/salus-pharmaceuticals/340544?preview=1,https://www.jamals.com/images/logo-upload/logo-here.jpg,SALUS PHARMACEUTICALS,"148/3,Murree Road,Cantt., Rawalpindi",https://www.jamals.com/search?type=classifications&query=surgical%20instruments%20mfrs%20and%20exporters&page=11#contactUser340544,Surgical Instruments Mfrs and Exporters,https://www.jamals.com/search?type=classifications&query=Surgical+Instruments+Mfrs+and+Exporters,,,,,Phone Number 340544,https://www.google.com/recaptcha/api2/anchor?ar=1&k=6LfzrtEUAAAAADrVTV6SLRoKjfEQ2JtT2gUz1BsS&co=aHR0cHM6Ly93d3cuamFtYWxzLmNvbTo0NDM.&hl=en&v=TPiWapjoyMdQOtxLT9_b4n2W&size=normal&cb=jza9j55m0lg
,,,,,,,,,,,,
https://www.jamals.com/mind-works-private-limited/366146?preview=1,,MIND WORKS (PRIVATE) LIMITED,"15-A,Phase 1,Agrics Town,Raiwind Road, Lahore",https://www.jamals.com/search?type=classifications&query=surgical%20instruments%20mfrs%20and%20exporters&page=11#contactUser366146,Surgical Instruments Mfrs and Exporters,https://www.jamals.com/search?type=classifications&query=Surgical+Instruments+Mfrs+and+Exporters,,,,,Phone Number 366146,https://www.google.com/recaptcha/api2/anchor?ar=1&k=6LfzrtEUAAAAADrVTV6SLRoKjfEQ2JtT2gUz1BsS&co=aHR0cHM6Ly93d3cuamFtYWxzLmNvbTo0NDM.&hl=en&v=TPiWapjoyMdQOtxLT9_b4n2W&size=normal&cb=lqnkdosm1p9b
,,,,,,,,,,,,
https://www.jamals.com/glorious-mercantile-corpn.-pvt-ltd./344684?preview=1,https://www.jamals.com/images/logo-upload/logo-here.jpg,GLORIOUS MERCANTILE CORPN. (PVT) LTD.,"15-A,Small Industries Estate,P.O.Box 37, Sialkot",https://www.jamals.com/search?type=classifications&query=surgical%20instruments%20mfrs%20and%20exporters&page=12#contactUser344684,Dental Equipment & Instruments,https://www.jamals.com/search?type=classifications&query=Dental+Equipment+%26+Instruments,Surgical Instruments Mfrs and Exporters,https://www.jamals.com/search?type=classifications&query=Surgical+Instruments+Mfrs+and+Exporters,,,Phone Number 344684,https://www.google.com/recaptcha/api2/anchor?ar=1&k=6LfzrtEUAAAAADrVTV6SLRoKjfEQ2JtT2gUz1BsS&co=aHR0cHM6Ly93d3cuamFtYWxzLmNvbTo0NDM.&hl=en&v=TPiWapjoyMdQOtxLT9_b4n2W&size=normal&cb=wyz76n2paq5c
,,,,,,,,,,,,
https://www.jamals.com/jvc-of-sialkot/341345?preview=1,https://www.jamals.com/images/logo-upload/logo-here.jpg,JVC OF SIALKOT,"16 College Road, Sialkot",https://www.jamals.com/search?type=classifications&query=surgical%20instruments%20mfrs%20and%20exporters&page=12#contactUser341345,Surgical Instruments Mfrs and Exporters,https://www.jamals.com/search?type=classifications&query=Surgical+Instruments+Mfrs+and+Exporters,,,,,Phone Number 341345,https://www.google.com/recaptcha/api2/anchor?ar=1&k=6LfzrtEUAAAAADrVTV6SLRoKjfEQ2JtT2gUz1BsS&co=aHR0cHM6Ly93d3cuamFtYWxzLmNvbTo0NDM.&hl=en&v=TPiWapjoyMdQOtxLT9_b4n2W&size=normal&cb=aizl25jftd5r
,,,,,,,,,,,,
https://www.jamals.com/the-national-surgicals/364785?preview=1,https://www.jamals.com/images/logo-upload/logo-here.jpg,THE NATIONAL SURGICALS,"16,Cantonment Market,Lucky Star,Saddar, Karachi",https://www.jamals.com/search?type=classifications&query=surgical%20instruments%20mfrs%20and%20exporters&page=12#contactUser364785,Surgical Instruments Mfrs and Exporters,https://www.jamals.com/search?type=classifications&query=Surgical+Instruments+Mfrs+and+Exporters,Hospital Equipment & Supplies,https://www.jamals.com/search?type=classifications&query=Hospital+Equipment+%26+Supplies,,,Phone Number 364785,https://www.google.com/recaptcha/api2/anchor?ar=1&k=6LfzrtEUAAAAADrVTV6SLRoKjfEQ2JtT2gUz1BsS&co=aHR0cHM6Ly93d3cuamFtYWxzLmNvbTo0NDM.&hl=en&v=TPiWapjoyMdQOtxLT9_b4n2W&size=normal&cb=g5a0v54ydegs
,,,,,,,,,,,,
https://www.jamals.com/zeron-international/316984?preview=1,https://www.jamals.com/images/logo-upload/logo-here.jpg,ZERON INTERNATIONAL,"16/562,Shahbpura, Sialkot",https://www.jamals.com/search?type=classifications&query=surgical%20instruments%20mfrs%20and%20exporters&page=12#contactUser316984,Surgical Instruments Mfrs and Exporters,https://www.jamals.com/search?type=classifications&query=Surgical+Instruments+Mfrs+and+Exporters,,,,,Phone Number 316984,https://www.google.com/recaptcha/api2/anchor?ar=1&k=6LfzrtEUAAAAADrVTV6SLRoKjfEQ2JtT2gUz1BsS&co=aHR0cHM6Ly93d3cuamFtYWxzLmNvbTo0NDM.&hl=en&v=TPiWapjoyMdQOtxLT9_b4n2W&size=normal&cb=r1gaoq4wkxif
,,,,,,,,,,,,
https://www.jamals.com/vitech-international/367697?preview=1,https://www.jamals.com/images/logo-upload/logo-here.jpg,VITECH INTERNATIONAL,"17-Shah Faisal Road,Model Town, Sialkot",https://www.jamals.com/search?type=classifications&query=surgical%20instruments%20mfrs%20and%20exporters&page=12#contactUser367697,Surgical Instruments Mfrs and Exporters,https://www.jamals.com/search?type=classifications&query=Surgical+Instruments+Mfrs+and+Exporters,,,,,Phone Number 367697,https://www.google.com/recaptcha/api2/anchor?ar=1&k=6LfzrtEUAAAAADrVTV6SLRoKjfEQ2JtT2gUz1BsS&co=aHR0cHM6Ly93d3cuamFtYWxzLmNvbTo0NDM.&hl=en&v=TPiWapjoyMdQOtxLT9_b4n2W&size=normal&cb=p1oy4lgrbvjk
,,,,,,,,,,,,
https://www.jamals.com/marshal-field-mfg.-co./348742?preview=1,https://www.jamals.com/images/logo-upload/logo-here.jpg,MARSHAL FIELD MFG. CO.,"17/12,Tajpura Street,P.O. Box 310, Sialkot",https://www.jamals.com/search?type=classifications&query=surgical%20instruments%20mfrs%20and%20exporters&page=12#contactUser348742,Scissors All Sorts,https://www.jamals.com/search?type=classifications&query=Scissors+All+Sorts,Surgical Instruments Mfrs and Exporters,https://www.jamals.com/search?type=classifications&query=Surgical+Instruments+Mfrs+and+Exporters,,,Phone Number 348742,https://www.google.com/recaptcha/api2/anchor?ar=1&k=6LfzrtEUAAAAADrVTV6SLRoKjfEQ2JtT2gUz1BsS&co=aHR0cHM6Ly93d3cuamFtYWxzLmNvbTo0NDM.&hl=en&v=TPiWapjoyMdQOtxLT9_b4n2W&size=normal&cb=yxzpksem88iw
,,,,,,,,,,,,
https://www.jamals.com/m.m.-surgical/334705?preview=1,https://www.jamals.com/images/logo-upload/logo-here.jpg,M.M. SURGICAL,"18-Ihsan Chamber,Nodirian Road, Lahore",https://www.jamals.com/search?type=classifications&query=surgical%20instruments%20mfrs%20and%20exporters&page=13#contactUser334705,Surgical Instruments Mfrs and Exporters,https://www.jamals.com/search?type=classifications&query=Surgical+Instruments+Mfrs+and+Exporters,,,,,Phone Number 334705,https://www.google.com/recaptcha/api2/anchor?ar=1&k=6LfzrtEUAAAAADrVTV6SLRoKjfEQ2JtT2gUz1BsS&co=aHR0cHM6Ly93d3cuamFtYWxzLmNvbTo0NDM.&hl=en&v=TPiWapjoyMdQOtxLT9_b4n2W&size=normal&cb=8ur7e4ietwz5
,,,,,,,,,,,,
https://www.jamals.com/starmix-traders/342075?preview=1,https://www.jamals.com/images/logo-upload/logo-here.jpg,STARMIX TRADERS,"18/421,Tajpura, Sialkot",https://www.jamals.com/search?type=classifications&query=surgical%20instruments%20mfrs%20and%20exporters&page=13#contactUser342075,Surgical Instruments Mfrs and Exporters,https://www.jamals.com/search?type=classifications&query=Surgical+Instruments+Mfrs+and+Exporters,,,,,Phone Number 342075,https://www.google.com/recaptcha/api2/anchor?ar=1&k=6LfzrtEUAAAAADrVTV6SLRoKjfEQ2JtT2gUz1BsS&co=aHR0cHM6Ly93d3cuamFtYWxzLmNvbTo0NDM.&hl=en&v=TPiWapjoyMdQOtxLT9_b4n2W&size=normal&cb=bwzuuuw0qqni
,,,,,,,,,,,,
https://www.jamals.com/al-hameed-agencies-pvt-ltd./339322?preview=1,https://www.jamals.com/images/logo-upload/logo-here.jpg,AL-HAMEED AGENCIES (PVT) LTD.,"187-C,Mayo Road,Cantt., Rawalpindi",https://www.jamals.com/search?type=classifications&query=surgical%20instruments%20mfrs%20and%20exporters&page=13#contactUser339322,Surgical Instruments Mfrs and Exporters,https://www.jamals.com/search?type=classifications&query=Surgical+Instruments+Mfrs+and+Exporters,Pharmaceutical Distributors,https://www.jamals.com/search?type=classifications&query=Pharmaceutical+Distributors,,,Phone Number 339322,https://www.google.com/recaptcha/api2/anchor?ar=1&k=6LfzrtEUAAAAADrVTV6SLRoKjfEQ2JtT2gUz1BsS&co=aHR0cHM6Ly93d3cuamFtYWxzLmNvbTo0NDM.&hl=en&v=TPiWapjoyMdQOtxLT9_b4n2W&size=normal&cb=t6wilx9nuua4
,,,,,,,,,,,,
https://www.jamals.com/rhein-enterprises-pvt-ltd./352822?preview=1,https://www.jamals.com/images/logo-upload/logo-here.jpg,RHEIN ENTERPRISES (PVT) LTD.,"19-A (South),S.I.E.,P.O. Box 879, Sialkot",https://www.jamals.com/search?type=classifications&query=surgical%20instruments%20mfrs%20and%20exporters&page=13#contactUser352822,Surgical Instruments Mfrs and Exporters,https://www.jamals.com/search?type=classifications&query=Surgical+Instruments+Mfrs+and+Exporters,,,,,Phone Number 352822,https://www.google.com/recaptcha/api2/anchor?ar=1&k=6LfzrtEUAAAAADrVTV6SLRoKjfEQ2JtT2gUz1BsS&co=aHR0cHM6Ly93d3cuamFtYWxzLmNvbTo0NDM.&hl=en&v=TPiWapjoyMdQOtxLT9_b4n2W&size=normal&cb=j0rmtd3zkm74
,,,,,,,,,,,,
https://www.jamals.com/professional-hospital-furnishers/358190?preview=1,,PROFESSIONAL HOSPITAL FURNISHERS,"19-A,Industrial Estate, Sialkot",https://www.jamals.com/search?type=classifications&query=surgical%20instruments%20mfrs%20and%20exporters&page=13#contactUser358190,Surgical Instruments Mfrs and Exporters,https://www.jamals.com/search?type=classifications&query=Surgical+Instruments+Mfrs+and+Exporters,Dental Equipment & Instruments,https://www.jamals.com/search?type=classifications&query=Dental+Equipment+%26+Instruments,,,Phone Number 358190,https://www.google.com/recaptcha/api2/anchor?ar=1&k=6LfzrtEUAAAAADrVTV6SLRoKjfEQ2JtT2gUz1BsS&co=aHR0cHM6Ly93d3cuamFtYWxzLmNvbTo0NDM.&hl=en&v=TPiWapjoyMdQOtxLT9_b4n2W&size=normal&cb=h0uka2ix9snm
,,,,,,,,,,,,
https://www.jamals.com/ahmed-impex/317341?preview=1,,AHMED IMPEX,"19-AC South,S.I.E., Sialkot",https://www.jamals.com/search?type=classifications&query=surgical%20instruments%20mfrs%20and%20exporters&page=13#contactUser317341,Surgical Instruments Mfrs and Exporters,https://www.jamals.com/search?type=classifications&query=Surgical+Instruments+Mfrs+and+Exporters,,,,,Phone Number 317341,https://www.google.com/recaptcha/api2/anchor?ar=1&k=6LfzrtEUAAAAADrVTV6SLRoKjfEQ2JtT2gUz1BsS&co=aHR0cHM6Ly93d3cuamFtYWxzLmNvbTo0NDM.&hl=en&v=TPiWapjoyMdQOtxLT9_b4n2W&size=normal&cb=j2t3wum59k3f
,,,,,,,,,,,,
https://www.jamals.com/triple-helix-solutions/334811?preview=1,https://www.jamals.com/images/logo-upload/logo-here.jpg,TRIPLE HELIX SOLUTIONS,"19-D-II,Wapda Town, Lahore",https://www.jamals.com/search?type=classifications&query=surgical%20instruments%20mfrs%20and%20exporters&page=14#contactUser334811,Surgical Instruments Mfrs and Exporters,https://www.jamals.com/search?type=classifications&query=Surgical+Instruments+Mfrs+and+Exporters,,,,,Phone Number 334811,https://www.google.com/recaptcha/api2/anchor?ar=1&k=6LfzrtEUAAAAADrVTV6SLRoKjfEQ2JtT2gUz1BsS&co=aHR0cHM6Ly93d3cuamFtYWxzLmNvbTo0NDM.&hl=en&v=TPiWapjoyMdQOtxLT9_b4n2W&size=normal&cb=tw2u40gz0f24
,,,,,,,,,,,,
https://www.jamals.com/aadab-international/377095?preview=1,https://www.jamals.com/images/logo-upload/logo-here.jpg,AADAB INTERNATIONAL,"19/16 Club Road,Cantt., Sialkot",https://www.jamals.com/search?type=classifications&query=surgical%20instruments%20mfrs%20and%20exporters&page=14#contactUser377095,Surgical Holloware Mfrs and Exporters,https://www.jamals.com/search?type=classifications&query=Surgical+Holloware+Mfrs+and+Exporters,Surgical Scissors Mfrs and Exporters,https://www.jamals.com/search?type=classifications&query=Surgical+Scissors+Mfrs+and+Exporters,Surgical Instruments Mfrs and Exporters,https://www.jamals.com/search?type=classifications&query=Surgical+Instruments+Mfrs+and+Exporters,Phone Number 377095,https://www.google.com/recaptcha/api2/anchor?ar=1&k=6LfzrtEUAAAAADrVTV6SLRoKjfEQ2JtT2gUz1BsS&co=aHR0cHM6Ly93d3cuamFtYWxzLmNvbTo0NDM.&hl=en&v=TPiWapjoyMdQOtxLT9_b4n2W&size=normal&cb=ir9foqcl7nla
,,,,,,,,,,,,
https://www.jamals.com/snaa-industries/354398?preview=1,,SNAA INDUSTRIES,"19/16,Club Road,Cantt., Sialkot",https://www.jamals.com/search?type=classifications&query=surgical%20instruments%20mfrs%20and%20exporters&page=14#contactUser354398,Optical and Opthalmic Instruments & Supplies,https://www.jamals.com/search?type=classifications&query=Optical+and+Opthalmic+Instruments+%26+Supplies,Surgical Holloware Mfrs and Exporters,https://www.jamals.com/search?type=classifications&query=Surgical+Holloware+Mfrs+and+Exporters,Orthopaedic Implants,https://www.jamals.com/search?type=classifications&query=Orthopaedic+Implants,Phone Number 354398,https://www.google.com/recaptcha/api2/anchor?ar=1&k=6LfzrtEUAAAAADrVTV6SLRoKjfEQ2JtT2gUz1BsS&co=aHR0cHM6Ly93d3cuamFtYWxzLmNvbTo0NDM.&hl=en&v=TPiWapjoyMdQOtxLT9_b4n2W&size=normal&cb=todevz4kynqn
,,,,,,,,,,,,
https://www.jamals.com/sams-enterprises/334786?preview=1,,SAMS ENTERPRISES,"194/1,Shah Fareed Park,Allama Iqbal Town, Lahore",https://www.jamals.com/search?type=classifications&query=surgical%20instruments%20mfrs%20and%20exporters&page=14#contactUser334786,Surgical Instruments Mfrs and Exporters,https://www.jamals.com/search?type=classifications&query=Surgical+Instruments+Mfrs+and+Exporters,,,,,Phone Number 334786,https://www.google.com/recaptcha/api2/anchor?ar=1&k=6LfzrtEUAAAAADrVTV6SLRoKjfEQ2JtT2gUz1BsS&co=aHR0cHM6Ly93d3cuamFtYWxzLmNvbTo0NDM.&hl=en&v=TPiWapjoyMdQOtxLT9_b4n2W&size=normal&cb=9zsy0b2fido5
,,,,,,,,,,,,
https://www.jamals.com/electro-aids/334647?preview=1,,ELECTRO AIDS,"1st Floor,9-Mushtaq Market,Fayyaz Road,Anarkali, Lahore",https://www.jamals.com/search?type=classifications&query=surgical%20instruments%20mfrs%20and%20exporters&page=14#contactUser334647,Surgical Instruments Mfrs and Exporters,https://www.jamals.com/search?type=classifications&query=Surgical+Instruments+Mfrs+and+Exporters,,,,,Phone Number 334647,https://www.google.com/recaptcha/api2/anchor?ar=1&k=6LfzrtEUAAAAADrVTV6SLRoKjfEQ2JtT2gUz1BsS&co=aHR0cHM6Ly93d3cuamFtYWxzLmNvbTo0NDM.&hl=en&v=TPiWapjoyMdQOtxLT9_b4n2W&size=normal&cb=qzn71lopg79j
,,,,,,,,,,,,
https://www.jamals.com/oriental-sales-corporation/372810?preview=1,,ORIENTAL SALES CORPORATION,"1st Floor,Block 4A,Markaz F7,Jinnah Supermarket, Islamabad",https://www.jamals.com/search?type=classifications&query=surgical%20instruments%20mfrs%20and%20exporters&page=14#contactUser372810,Medical Instruments & Supplies,https://www.jamals.com/search?type=classifications&query=Medical+Instruments+%26+Supplies,Disposable Syringe Importers,https://www.jamals.com/search?type=classifications&query=Disposable+Syringe+Importers,Medical Equipment,https://www.jamals.com/search?type=classifications&query=Medical+Equipment,Phone Number 372810,https://www.google.com/recaptcha/api2/anchor?ar=1&k=6LfzrtEUAAAAADrVTV6SLRoKjfEQ2JtT2gUz1BsS&co=aHR0cHM6Ly93d3cuamFtYWxzLmNvbTo0NDM.&hl=en&v=TPiWapjoyMdQOtxLT9_b4n2W&size=normal&cb=vyfrqcisdcwp
,,,,,,,,,,,,
https://www.jamals.com/horizon-international/323155?preview=1,https://www.jamals.com/images/logo-upload/logo-here.jpg,HORIZON INTERNATIONAL,"1st Floor,Rehman Chamber,Kutchi Gali No.2,Marriot Road, Karachi",https://www.jamals.com/search?type=classifications&query=surgical%20instruments%20mfrs%20and%20exporters&page=15#contactUser323155,Surgical Instruments Mfrs and Exporters,https://www.jamals.com/search?type=classifications&query=Surgical+Instruments+Mfrs+and+Exporters,,,,,Phone Number 323155,https://www.google.com/recaptcha/api2/anchor?ar=1&k=6LfzrtEUAAAAADrVTV6SLRoKjfEQ2JtT2gUz1BsS&co=aHR0cHM6Ly93d3cuamFtYWxzLmNvbTo0NDM.&hl=en&v=TPiWapjoyMdQOtxLT9_b4n2W&size=normal&cb=r47bkxmrkuhc
,,,,,,,,,,,,
https://www.jamals.com/trade-visions-international/328235?preview=1,https://www.jamals.com/images/logo-upload/logo-here.jpg,TRADE VISIONS INTERNATIONAL,"1st Floor,Zahoor Plaza,Near Askari Bank,Peshawar Road, Rawalpindi",https://www.jamals.com/search?type=classifications&query=surgical%20instruments%20mfrs%20and%20exporters&page=15#contactUser328235,Surgical Instruments Mfrs and Exporters,https://www.jamals.com/search?type=classifications&query=Surgical+Instruments+Mfrs+and+Exporters,Health Care Appliances & Equipment,https://www.jamals.com/search?type=classifications&query=Health+Care+Appliances+%26+Equipment,Electromedical Equipment,https://www.jamals.com/search?type=classifications&query=Electromedical+Equipment,Phone Number 328235,https://www.google.com/recaptcha/api2/anchor?ar=1&k=6LfzrtEUAAAAADrVTV6SLRoKjfEQ2JtT2gUz1BsS&co=aHR0cHM6Ly93d3cuamFtYWxzLmNvbTo0NDM.&hl=en&v=TPiWapjoyMdQOtxLT9_b4n2W&size=normal&cb=2vyvd37ny39q
,,,,,,,,,,,,
https://www.jamals.com/meditek-international/348899?preview=1,,MEDITEK INTERNATIONAL,"1st Floor,Zaman Building,Chowk Mayo Hospital, Lahore",https://www.jamals.com/search?type=classifications&query=surgical%20instruments%20mfrs%20and%20exporters&page=15#contactUser348899,Surgical Instruments Mfrs and Exporters,https://www.jamals.com/search?type=classifications&query=Surgical+Instruments+Mfrs+and+Exporters,Medical Equipment,https://www.jamals.com/search?type=classifications&query=Medical+Equipment,,,Phone Number 348899,https://www.google.com/recaptcha/api2/anchor?ar=1&k=6LfzrtEUAAAAADrVTV6SLRoKjfEQ2JtT2gUz1BsS&co=aHR0cHM6Ly93d3cuamFtYWxzLmNvbTo0NDM.&hl=en&v=TPiWapjoyMdQOtxLT9_b4n2W&size=normal&cb=1k3rhxr9eywb
,,,,,,,,,,,,
https://www.jamals.com/darleys-surgical-co./368446?preview=1,,DARLEYS SURGICAL CO.,"2-A,Kutchery Road,P.O.Box: 84, Sialkot",https://www.jamals.com/search?type=classifications&query=surgical%20instruments%20mfrs%20and%20exporters&page=15#contactUser368446,Beautycare Instruments,https://www.jamals.com/search?type=classifications&query=Beautycare+Instruments,Surgical Instruments Mfrs and Exporters,https://www.jamals.com/search?type=classifications&query=Surgical+Instruments+Mfrs+and+Exporters,,,Phone Number 368446,https://www.google.com/recaptcha/api2/anchor?ar=1&k=6LfzrtEUAAAAADrVTV6SLRoKjfEQ2JtT2gUz1BsS&co=aHR0cHM6Ly93d3cuamFtYWxzLmNvbTo0NDM.&hl=en&v=TPiWapjoyMdQOtxLT9_b4n2W&size=normal&cb=d9ys67tnahpv
,,,,,,,,,,,,
https://www.jamals.com/eima-traders/342921?preview=1,,EIMA TRADERS,"2-McLeod Road, Lahore",https://www.jamals.com/search?type=classifications&query=surgical%20instruments%20mfrs%20and%20exporters&page=15#contactUser342921,Surgical Gloves,https://www.jamals.com/search?type=classifications&query=Surgical+Gloves,Medical Equipment,https://www.jamals.com/search?type=classifications&query=Medical+Equipment,Surgical Instruments Mfrs and Exporters,https://www.jamals.com/search?type=classifications&query=Surgical+Instruments+Mfrs+and+Exporters,Phone Number 342921,https://www.google.com/recaptcha/api2/anchor?ar=1&k=6LfzrtEUAAAAADrVTV6SLRoKjfEQ2JtT2gUz1BsS&co=aHR0cHM6Ly93d3cuamFtYWxzLmNvbTo0NDM.&hl=en&v=TPiWapjoyMdQOtxLT9_b4n2W&size=normal&cb=ue6thysey4f0
,,,,,,,,,,,,
https://www.jamals.com/zemindar-compnay/316983?preview=1,,ZEMINDAR COMPNAY,"2/19,Abbot Road, Sialkot",https://www.jamals.com/search?type=classifications&query=surgical%20instruments%20mfrs%20and%20exporters&page=15#contactUser316983,Surgical Instruments Mfrs and Exporters,https://www.jamals.com/search?type=classifications&query=Surgical+Instruments+Mfrs+and+Exporters,Knives All Sorts Mfrs,https://www.jamals.com/search?type=classifications&query=Knives+All+Sorts+Mfrs,,,Phone Number 316983,https://www.google.com/recaptcha/api2/anchor?ar=1&k=6LfzrtEUAAAAADrVTV6SLRoKjfEQ2JtT2gUz1BsS&co=aHR0cHM6Ly93d3cuamFtYWxzLmNvbTo0NDM.&hl=en&v=TPiWapjoyMdQOtxLT9_b4n2W&size=normal&cb=1tlq9niiwhs2
,,,,,,,,,,,,
https://www.jamals.com/inayat-trading-co./370515?preview=1,,INAYAT TRADING CO.,"2/523,Water Works,P.O.Box 362, Sialkot",https://www.jamals.com/search?type=classifications&query=surgical%20instruments%20mfrs%20and%20exporters&page=16#contactUser370515,Surgical Instruments Mfrs and Exporters,https://www.jamals.com/search?type=classifications&query=Surgical+Instruments+Mfrs+and+Exporters,,,,,Phone Number 370515,https://www.google.com/recaptcha/api2/anchor?ar=1&k=6LfzrtEUAAAAADrVTV6SLRoKjfEQ2JtT2gUz1BsS&co=aHR0cHM6Ly93d3cuamFtYWxzLmNvbTo0NDM.&hl=en&v=TPiWapjoyMdQOtxLT9_b4n2W&size=normal&cb=z53p0piavrci
,,,,,,,,,,,,
https://www.jamals.com/apex-international/340193?preview=1,,APEX INTERNATIONAL,"2/7,Ahmed Villas,Hussain St.,Old Muslim Town, Lahore",https://www.jamals.com/search?type=classifications&query=surgical%20instruments%20mfrs%20and%20exporters&page=16#contactUser340193,Surgical Instruments Mfrs and Exporters,https://www.jamals.com/search?type=classifications&query=Surgical+Instruments+Mfrs+and+Exporters,Hospital Equipment & Supplies,https://www.jamals.com/search?type=classifications&query=Hospital+Equipment+%26+Supplies,Scientific Equipment & Supplies,https://www.jamals.com/search?type=classifications&query=Scientific+Equipment+%26+Supplies,Phone Number 340193,https://www.google.com/recaptcha/api2/anchor?ar=1&k=6LfzrtEUAAAAADrVTV6SLRoKjfEQ2JtT2gUz1BsS&co=aHR0cHM6Ly93d3cuamFtYWxzLmNvbTo0NDM.&hl=en&v=TPiWapjoyMdQOtxLT9_b4n2W&size=normal&cb=m6xoa3oiqqw4
,,,,,,,,,,,,
https://www.jamals.com/ikas-associates/370842?preview=1,,IKAS ASSOCIATES,"20/10,Chah Jattan Road, Sialkot",https://www.jamals.com/search?type=classifications&query=surgical%20instruments%20mfrs%20and%20exporters&page=16#contactUser370842,Leather Goods,https://www.jamals.com/search?type=classifications&query=Leather+Goods,Surgical Instruments Mfrs and Exporters,https://www.jamals.com/search?type=classifications&query=Surgical+Instruments+Mfrs+and+Exporters,Sports Goods Mfrs & Exporters,https://www.jamals.com/search?type=classifications&query=Sports+Goods+Mfrs+%26+Exporters,Phone Number 370842,https://www.google.com/recaptcha/api2/anchor?ar=1&k=6LfzrtEUAAAAADrVTV6SLRoKjfEQ2JtT2gUz1BsS&co=aHR0cHM6Ly93d3cuamFtYWxzLmNvbTo0NDM.&hl=en&v=TPiWapjoyMdQOtxLT9_b4n2W&size=normal&cb=m6rb7sxcefri
,,,,,,,,,,,,
https://www.jamals.com/coz-industries/358477?preview=1,,COZ INDUSTRIES,"21/150,Chah Jattan, Sialkot",https://www.jamals.com/search?type=classifications&query=surgical%20instruments%20mfrs%20and%20exporters&page=16#contactUser358477,Dental Equipment & Instruments,https://www.jamals.com/search?type=classifications&query=Dental+Equipment+%26+Instruments,Scissors All Sorts,https://www.jamals.com/search?type=classifications&query=Scissors+All+Sorts,Surgical Instruments Mfrs and Exporters,https://www.jamals.com/search?type=classifications&query=Surgical+Instruments+Mfrs+and+Exporters,Phone Number 358477,https://www.google.com/recaptcha/api2/anchor?ar=1&k=6LfzrtEUAAAAADrVTV6SLRoKjfEQ2JtT2gUz1BsS&co=aHR0cHM6Ly93d3cuamFtYWxzLmNvbTo0NDM.&hl=en&v=TPiWapjoyMdQOtxLT9_b4n2W&size=normal&cb=ywdg92g1e9fh
,,,,,,,,,,,,
https://www.jamals.com/kashmir-surgical-co./347303?preview=1,,KASHMIR SURGICAL CO.,"21/292,Maharaja Road, Sialkot",https://www.jamals.com/search?type=classifications&query=surgical%20instruments%20mfrs%20and%20exporters&page=16#contactUser347303,Dental Equipment & Instruments,https://www.jamals.com/search?type=classifications&query=Dental+Equipment+%26+Instruments,Surgical Instruments Mfrs and Exporters,https://www.jamals.com/search?type=classifications&query=Surgical+Instruments+Mfrs+and+Exporters,,,Phone Number 347303,https://www.google.com/recaptcha/api2/anchor?ar=1&k=6LfzrtEUAAAAADrVTV6SLRoKjfEQ2JtT2gUz1BsS&co=aHR0cHM6Ly93d3cuamFtYWxzLmNvbTo0NDM.&hl=en&v=TPiWapjoyMdQOtxLT9_b4n2W&size=normal&cb=grjfqi1n9g7c
,,,,,,,,,,,,
https://www.jamals.com/ehsan-co./332707?preview=1,,EHSAN & CO.,"210-Abid Market Qurtaba Chowk, Lahore",https://www.jamals.com/search?type=classifications&query=surgical%20instruments%20mfrs%20and%20exporters&page=16#contactUser332707,Surgical Instruments Mfrs and Exporters,https://www.jamals.com/search?type=classifications&query=Surgical+Instruments+Mfrs+and+Exporters,,,,,Phone Number 332707,https://www.google.com/recaptcha/api2/anchor?ar=1&k=6LfzrtEUAAAAADrVTV6SLRoKjfEQ2JtT2gUz1BsS&co=aHR0cHM6Ly93d3cuamFtYWxzLmNvbTo0NDM.&hl=en&v=TPiWapjoyMdQOtxLT9_b4n2W&size=normal&cb=cl1day65miu
,,,,,,,,,,,,
https://www.jamals.com/hafeez-scientific-store/334659?preview=1,https://www.jamals.com/images/logo-upload/logo-here.jpg,HAFEEZ SCIENTIFIC STORE,"22-Abkari Road,Masha-Allah Trade Centre,Near Anarkali, Lahore",https://www.jamals.com/search?type=classifications&query=surgical%20instruments%20mfrs%20and%20exporters&page=17#contactUser334659,Surgical Instruments Mfrs and Exporters,https://www.jamals.com/search?type=classifications&query=Surgical+Instruments+Mfrs+and+Exporters,,,,,Phone Number 334659,https://www.google.com/recaptcha/api2/anchor?ar=1&k=6LfzrtEUAAAAADrVTV6SLRoKjfEQ2JtT2gUz1BsS&co=aHR0cHM6Ly93d3cuamFtYWxzLmNvbTo0NDM.&hl=en&v=TPiWapjoyMdQOtxLT9_b4n2W&size=normal&cb=trlsgu1dymso
,,,,,,,,,,,,
https://www.jamals.com/madonna-surgical-corporation/367057?preview=1,https://www.jamals.com/images/logo-upload/logo-here.jpg,MADONNA SURGICAL CORPORATION,"22/33,Murrey College Road,P.O.Box :540, Sialkot",https://www.jamals.com/search?type=classifications&query=surgical%20instruments%20mfrs%20and%20exporters&page=17#contactUser367057,Dental Equipment & Instruments,https://www.jamals.com/search?type=classifications&query=Dental+Equipment+%26+Instruments,Beautycare Instruments,https://www.jamals.com/search?type=classifications&query=Beautycare+Instruments,Surgical Instruments Mfrs and Exporters,https://www.jamals.com/search?type=classifications&query=Surgical+Instruments+Mfrs+and+Exporters,Phone Number 367057,https://www.google.com/recaptcha/api2/anchor?ar=1&k=6LfzrtEUAAAAADrVTV6SLRoKjfEQ2JtT2gUz1BsS&co=aHR0cHM6Ly93d3cuamFtYWxzLmNvbTo0NDM.&hl=en&v=TPiWapjoyMdQOtxLT9_b4n2W&size=normal&cb=pu4knrvwtv9t
,,,,,,,,,,,,
https://www.jamals.com/transworld-alliance-pvt-ltd./334809?preview=1,https://www.jamals.com/images/logo-upload/logo-here.jpg,TRANSWORLD ALLIANCE (PVT) LTD.,"229-A/3,Munir Road,Cantt., Lahore",https://www.jamals.com/search?type=classifications&query=surgical%20instruments%20mfrs%20and%20exporters&page=17#contactUser334809,Surgical Instruments Mfrs and Exporters,https://www.jamals.com/search?type=classifications&query=Surgical+Instruments+Mfrs+and+Exporters,,,,,Phone Number 334809,https://www.google.com/recaptcha/api2/anchor?ar=1&k=6LfzrtEUAAAAADrVTV6SLRoKjfEQ2JtT2gUz1BsS&co=aHR0cHM6Ly93d3cuamFtYWxzLmNvbTo0NDM.&hl=en&v=TPiWapjoyMdQOtxLT9_b4n2W&size=normal&cb=we4nrnenxlf2
,,,,,,,,,,,,
https://www.jamals.com/first-global-link-llc/334651?preview=1,https://www.jamals.com/images/logo-upload/logo-here.jpg,FIRST GLOBAL LINK LLC,"236-Eden Canal Villas,Canal Bank Road, Lahore",https://www.jamals.com/search?type=classifications&query=surgical%20instruments%20mfrs%20and%20exporters&page=17#contactUser334651,Surgical Instruments Mfrs and Exporters,https://www.jamals.com/search?type=classifications&query=Surgical+Instruments+Mfrs+and+Exporters,,,,,Phone Number 334651,https://www.google.com/recaptcha/api2/anchor?ar=1&k=6LfzrtEUAAAAADrVTV6SLRoKjfEQ2JtT2gUz1BsS&co=aHR0cHM6Ly93d3cuamFtYWxzLmNvbTo0NDM.&hl=en&v=TPiWapjoyMdQOtxLT9_b4n2W&size=normal&cb=macbthl4isio
,,,,,,,,,,,,
https://www.jamals.com/deltons-international/334644?preview=1,https://www.jamals.com/images/logo-upload/logo-here.jpg,DELTONS INTERNATIONAL,"24-E,Education Town,Wahdat Road, Lahore",https://www.jamals.com/search?type=classifications&query=surgical%20instruments%20mfrs%20and%20exporters&page=17#contactUser334644,Surgical Instruments Mfrs and Exporters,https://www.jamals.com/search?type=classifications&query=Surgical+Instruments+Mfrs+and+Exporters,,,,,Phone Number 334644,https://www.google.com/recaptcha/api2/anchor?ar=1&k=6LfzrtEUAAAAADrVTV6SLRoKjfEQ2JtT2gUz1BsS&co=aHR0cHM6Ly93d3cuamFtYWxzLmNvbTo0NDM.&hl=en&v=TPiWapjoyMdQOtxLT9_b4n2W&size=normal&cb=vop8q4enu3wp
,,,,,,,,,,,,
https://www.jamals.com/gateway-enterprises/334653?preview=1,,GATEWAY ENTERPRISES,"24-Sher Shah Block,New Garden Town, Lahore",https://www.jamals.com/search?type=classifications&query=surgical%20instruments%20mfrs%20and%20exporters&page=17#contactUser334653,Surgical Instruments Mfrs and Exporters,https://www.jamals.com/search?type=classifications&query=Surgical+Instruments+Mfrs+and+Exporters,Advertising Agencies,https://www.jamals.com/search?type=classifications&query=Advertising+Agencies,,,Phone Number 334653,https://www.google.com/recaptcha/api2/anchor?ar=1&k=6LfzrtEUAAAAADrVTV6SLRoKjfEQ2JtT2gUz1BsS&co=aHR0cHM6Ly93d3cuamFtYWxzLmNvbTo0NDM.&hl=en&v=TPiWapjoyMdQOtxLT9_b4n2W&size=normal&cb=im1tvnti0zjq
,,,,,,,,,,,,
https://www.jamals.com/wahid-industries/359704?preview=1,https://www.jamals.com/images/logo-upload/logo-here.jpg,WAHID INDUSTRIES,"25/55,Wahid Street,Ghazi Road,Cantt., Sialkot",https://www.jamals.com/search?type=classifications&query=surgical%20instruments%20mfrs%20and%20exporters&page=18#contactUser359704,Surgical Instruments Mfrs and Exporters,https://www.jamals.com/search?type=classifications&query=Surgical+Instruments+Mfrs+and+Exporters,,,,,Phone Number 359704,https://www.google.com/recaptcha/api2/anchor?ar=1&k=6LfzrtEUAAAAADrVTV6SLRoKjfEQ2JtT2gUz1BsS&co=aHR0cHM6Ly93d3cuamFtYWxzLmNvbTo0NDM.&hl=en&v=TPiWapjoyMdQOtxLT9_b4n2W&size=normal&cb=yx64y4w4k8bt
,,,,,,,,,,,,
https://www.jamals.com/ray-med-instruments/314859?preview=1,https://www.jamals.com/images/logo-upload/logo-here.jpg,RAY MED INSTRUMENTS,"27-A,Roras Road,Near Makka Masjid, Sialkot",https://www.jamals.com/search?type=classifications&query=surgical%20instruments%20mfrs%20and%20exporters&page=18#contactUser314859,Surgical Instruments Mfrs and Exporters,https://www.jamals.com/search?type=classifications&query=Surgical+Instruments+Mfrs+and+Exporters,,,,,Phone Number 314859,https://www.google.com/recaptcha/api2/anchor?ar=1&k=6LfzrtEUAAAAADrVTV6SLRoKjfEQ2JtT2gUz1BsS&co=aHR0cHM6Ly93d3cuamFtYWxzLmNvbTo0NDM.&hl=en&v=TPiWapjoyMdQOtxLT9_b4n2W&size=normal&cb=q1cip5gr7bgz
,,,,,,,,,,,,
https://www.jamals.com/richbolt-enterprises/365939?preview=1,https://www.jamals.com/images/logo-upload/logo-here.jpg,RICHBOLT ENTERPRISES,"283,Noor Gate Treat,Cantt Road,Near O/H Bridge, Sialkot",https://www.jamals.com/search?type=classifications&query=surgical%20instruments%20mfrs%20and%20exporters&page=18#contactUser365939,Jewellers Tools,https://www.jamals.com/search?type=classifications&query=Jewellers+Tools,Dental Equipment & Instruments,https://www.jamals.com/search?type=classifications&query=Dental+Equipment+%26+Instruments,Surgical Instruments Mfrs and Exporters,https://www.jamals.com/search?type=classifications&query=Surgical+Instruments+Mfrs+and+Exporters,Phone Number 365939,https://www.google.com/recaptcha/api2/anchor?ar=1&k=6LfzrtEUAAAAADrVTV6SLRoKjfEQ2JtT2gUz1BsS&co=aHR0cHM6Ly93d3cuamFtYWxzLmNvbTo0NDM.&hl=en&v=TPiWapjoyMdQOtxLT9_b4n2W&size=normal&cb=t4kxtkumsclr
,,,,,,,,,,,,
https://www.jamals.com/smart-enterprises/364544?preview=1,https://www.jamals.com/images/logo-upload/logo-here.jpg,SMART ENTERPRISES,"29-Sarwar Road,Sadar Bazar,Cantt., Lahore",https://www.jamals.com/search?type=classifications&query=surgical%20instruments%20mfrs%20and%20exporters&page=18#contactUser364544,Orthopaedic Implants,https://www.jamals.com/search?type=classifications&query=Orthopaedic+Implants,Surgical Instruments Mfrs and Exporters,https://www.jamals.com/search?type=classifications&query=Surgical+Instruments+Mfrs+and+Exporters,,,Phone Number 364544,https://www.google.com/recaptcha/api2/anchor?ar=1&k=6LfzrtEUAAAAADrVTV6SLRoKjfEQ2JtT2gUz1BsS&co=aHR0cHM6Ly93d3cuamFtYWxzLmNvbTo0NDM.&hl=en&v=TPiWapjoyMdQOtxLT9_b4n2W&size=normal&cb=ge6kyh3ndvju
,,,,,,,,,,,,
https://www.jamals.com/pin-tech-instruments/374224?preview=1,https://www.jamals.com/images/logo-upload/logo-here.jpg,PIN TECH INSTRUMENTS,"291,Mohallah East Bhopalwala,Teh: Sambrial, Sialkot",https://www.jamals.com/search?type=classifications&query=surgical%20instruments%20mfrs%20and%20exporters&page=18#contactUser374224,Beautycare Instruments,https://www.jamals.com/search?type=classifications&query=Beautycare+Instruments,Dental Equipment & Instruments,https://www.jamals.com/search?type=classifications&query=Dental+Equipment+%26+Instruments,Surgical Instruments Mfrs and Exporters,https://www.jamals.com/search?type=classifications&query=Surgical+Instruments+Mfrs+and+Exporters,Phone Number 374224,https://www.google.com/recaptcha/api2/anchor?ar=1&k=6LfzrtEUAAAAADrVTV6SLRoKjfEQ2JtT2gUz1BsS&co=aHR0cHM6Ly93d3cuamFtYWxzLmNvbTo0NDM.&hl=en&v=TPiWapjoyMdQOtxLT9_b4n2W&size=normal&cb=3dc74wwis52j
,,,,,,,,,,,,
https://www.jamals.com/germany-precision/334657?preview=1,,GERMANY PRECISION,"292-B,Sabzazar Scheme, Lahore",https://www.jamals.com/search?type=classifications&query=surgical%20instruments%20mfrs%20and%20exporters&page=18#contactUser334657,Surgical Instruments Mfrs and Exporters,https://www.jamals.com/search?type=classifications&query=Surgical+Instruments+Mfrs+and+Exporters,,,,,Phone Number 334657,https://www.google.com/recaptcha/api2/anchor?ar=1&k=6LfzrtEUAAAAADrVTV6SLRoKjfEQ2JtT2gUz1BsS&co=aHR0cHM6Ly93d3cuamFtYWxzLmNvbTo0NDM.&hl=en&v=TPiWapjoyMdQOtxLT9_b4n2W&size=normal&cb=jx5dmlaf9sa2
